Id,Friends,Name
0,437,Michael M. Moore
1,423,Sarah H. Anderson
2,406,Thomas R. Rodriguez
3,396,Jessica W. Miller
4,382,Sarah B. Hernandez
5,371,Linda U. Garcia
6,354,Elizabeth G. Moore
7,338,Jennifer N. Martinez
8,329,Susan D. Anderson
9,311,Karen J. Johnson
10,295,Linda F. Jackson
11,283,John I. Lopez
12,264,Charles S. Miller
13,260,Richard W. Hernandez
14,239,Susan F. Wilson
15,154,David M. Smith
16,225,James A. Jones
17,213,Barbara P. Jones
18,198,James T. Brown
19,110,Thomas E. Lopez
20,174,Charles U. Williams
21,120,Richard Q. Rodriguez
22,69,Linda R. Wilson
23,142,Charles H. Johnson
24,120,Elizabeth G. Brown
25,109,Jessica I. Jones
26,101,Sarah J. Jackson
27,98,Robert K. Davis
28,81,Karen H. Garcia
29,64,Patricia K. Hernandez
30,28,James V. Williams
31,52,Thomas P. Davis
32,68,Jessica O. Wilson
33,67,Linda X. Martinez
34,36,Joseph Q. Smith
35,38,William Y. Martinez
36,27,David Z. Jackson
37,49,Jessica J. Lopez
38,35,Barbara E. Martin
39,55,Mary P. Hernandez
40,61,William P. Garcia
41,53,Thomas E. Moore
42,28,John F. Williams
43,49,William F. Martin
44,33,Barbara D. Wilson
45,75,Jessica D. Gonzalez
46,35,Michael B. Brown
47,55,Karen R. Moore
48,49,Susan W. Moore
49,41,Mary I. Martin
50,26,Linda N. Martin
51,47,Sarah P. Lopez
52,50,Jessica S. Garcia
53,48,Richard A. Moore
54,21,Robert H. Johnson
55,45,Robert X. Wilson
56,54,Elizabeth H. Martin
57,41,Sarah W. Wilson
58,35,David H. Moore
59,36,William J. Wilson
60,29,Michael K. Smith
61,44,Jessica Y. Brown
62,31,Elizabeth I. Jones
63,36,James S. Jones
64,41,William I. Johnson
65,52,Joseph U. Brown
66,41,Jennifer O. Smith
67,58,Michael U. Martinez
68,48,Thomas J. Rodriguez
69,22,Susan N. Miller
70,40,Karen N. Miller
71,32,Linda J. Thomas
72,45,James A. Gonzalez
73,31,Jessica S. Williams
74,33,David Z. Lopez
75,44,Joseph V. Garcia
76,32,Elizabeth H. Johnson
77,30,William F. Smith
78,26,James M. Lopez
79,32,Jessica X. Lopez
80,36,Sarah U. Moore
81,25,Karen Z. Johnson
82,29,Karen H. Anderson
83,26,Susan E. Garcia
84,32,Robert V. Anderson
85,41,Robert W. Gonzalez
86,30,Patricia G. Hernandez
87,32,William Z. Miller
88,53,Thomas O. Martin
89,30,Patricia C. Jackson
90,25,Richard A. Martinez
91,30,Jessica Z. Smith
92,27,Patricia C. Anderson
93,26,Robert F. Hernandez
94,23,David Z. Taylor
95,39,Charles G. Garcia
96,33,Thomas S. Davis
97,27,Jessica N. Jackson
98,33,Richard D. Wilson
99,29,Sarah U. Garcia
100,31,Charles X. Hernandez
101,31,Linda M. Taylor
102,37,Susan O. Thomas
103,25,Charles B. Martin
104,31,William U. Smith
105,34,Sarah I. Hernandez
106,28,Jessica L. Smith
107,36,Susan J. Johnson
108,28,William A. Gonzalez
109,26,Sarah T. Martin
110,25,Linda R. Garcia
111,25,Robert F. Gonzalez
112,34,Susan X. Jones
113,31,Charles E. Jones
114,29,Barbara W. Moore
115,22,Mary L. Lopez
116,26,Mary I. Moore
117,29,Elizabeth T. Anderson
118,28,Barbara N. Thomas
119,32,Karen L. Garcia
120,34,Michael N. Martin
121,33,Sarah S. Williams
122,32,David B. Brown
123,21,Patricia T. Johnson
124,30,Richard I. Martin
125,28,Joseph B. Martinez
126,25,Michael N. Moore
127,30,Sarah M. Smith
128,30,Richard E. Anderson
129,39,Mary C. Jones
130,29,Jennifer S. Moore
131,25,Barbara Q. Wilson
132,31,Jennifer E. Wilson
133,28,Karen K. Gonzalez
134,24,Elizabeth A. Williams
135,25,Linda F. Wilson
136,36,Charles F. Moore
137,24,Jessica E. Brown
138,26,Richard E. Martinez
139,27,Barbara B. Moore
140,24,Jessica V. Williams
141,25,John P. Smith
142,26,John Q. Thomas
143,27,David K. Davis
144,25,Jessica Q. Jones
145,27,Thomas Z. Brown
146,21,Susan C. Williams
147,22,Richard E. Moore
148,23,Mary N. Martin
149,24,James W. Jackson
150,27,Karen S. Jones
151,23,John T. Taylor
152,29,Linda F. Garcia
153,25,Charles Y. Brown
154,22,Jennifer P. Gonzalez
155,28,John B. Martin
156,23,William K. Thomas
157,30,David A. Lopez
158,26,Susan G. Martin
159,23,Linda Q. Anderson
160,25,William S. Martin
161,23,William Q. Garcia
162,23,Susan O. Taylor
163,33,Joseph T. Williams
164,29,Michael G. Wilson
165,24,William T. Hernandez
166,18,Patricia R. Anderson
167,31,Susan G. Brown
168,33,Charles J. Jackson
169,27,Barbara P. Williams
170,23,David L. Lopez
171,26,Robert A. Johnson
172,21,James V. Moore
173,22,Thomas G. Jones
174,17,Elizabeth W. Lopez
175,23,Karen K. Jones
176,24,Jennifer N. Jackson
177,22,Richard D. Miller
178,26,Barbara K. Lopez
179,23,James K. Davis
180,30,Jessica L. Hernandez
181,18,Charles C. Wilson
182,26,Michael W. Smith
183,25,David N. Jones
184,23,Michael U. Davis
185,22,Robert M. Johnson
186,26,Charles X. Hernandez
187,17,Patricia W. Jackson
188,23,Jessica C. Thomas
189,22,Mary K. Williams
190,22,Mary P. Martinez
191,25,Sarah H. Wilson
192,29,Patricia X. Gonzalez
193,21,William A. Miller
194,22,Robert G. Taylor
195,25,Barbara K. Wilson
196,20,Mary G. Jones
197,18,Barbara K. Martinez
198,17,David R. Davis
199,21,David K. Martin
200,18,John B. Hernandez
201,23,John O. Johnson
202,18,Joseph W. Smith
203,19,Elizabeth A. Anderson
204,21,Jennifer V. Johnson
205,23,William I. Wilson
206,23,William M. Wilson
207,22,Jessica F. Jackson
208,25,Thomas I. Anderson
209,26,Susan F. Smith
210,20,John Z. Rodriguez
211,20,Jennifer U. Jones
212,15,Elizabeth Z. Brown
213,18,Joseph E. Thomas
214,19,Jessica S. Smith
215,22,Mary N. Rodriguez
216,18,Susan P. Hernandez
217,15,Michael K. Williams
218,20,James S. Taylor
219,26,Thomas D. Jones
220,23,Jessica I. Lopez
221,19,Jessica Y. Martinez
222,18,Barbara R. Gonzalez
223,15,Susan U. Jones
224,20,Sarah X. Taylor
225,19,Sarah D. Taylor
226,20,William Y. Jones
227,23,Joseph A. Wilson
228,23,Richard J. Hernandez
229,14,Robert T. Williams
230,23,Charles O. Rodriguez
231,15,Linda M. Brown
232,24,Elizabeth N. Davis
233,18,Robert F. Jackson
234,18,Mary I. Gonzalez
235,17,Joseph M. Jackson
236,26,Jessica J. Martin
237,18,William M. Garcia
238,15,John I. Smith
239,17,Richard T. Davis
240,24,Susan B. Rodriguez
241,25,Susan U. Gonzalez
242,19,Thomas D. Jones
243,16,Jessica A. Wilson
244,14,Linda N. Wilson
245,17,Jennifer G. Moore
246,19,David K. Taylor
247,18,David X. Taylor
248,15,Joseph Q. Gonzalez
249,18,Charles X. Davis
250,12,Robert F. Miller
251,20,Robert Z. Williams
252,17,David D. Taylor
253,16,Michael V. Martin
254,14,Michael L. Garcia
255,14,James S. Lopez
256,20,Michael V. Moore
257,19,Michael Z. Thomas
258,19,Sarah F. Jones
259,18,Elizabeth O. Wilson
260,14,David L. Miller
261,17,Patricia T. Davis
262,14,James D. Brown
263,17,William O. Martin
264,16,Patricia G. Lopez
265,20,Karen K. Martinez
266,15,Jennifer C. Jackson
267,16,Barbara K. Martinez
268,22,Joseph R. Garcia
269,19,Sarah R. Johnson
270,16,Jessica X. Anderson
271,14,David Q. Hernandez
272,14,Jennifer P. Williams
273,15,Mary A. Brown
274,14,Barbara B. Jones
275,17,Elizabeth Z. Williams
276,11,Patricia I. Williams
277,20,Joseph A. Davis
278,14,Susan Q. Wilson
279,14,Joseph X. Anderson
280,12,Barbara N. Taylor
281,12,William F. Gonzalez
282,17,Richard R. Moore
283,14,Linda K. Brown
284,13,Karen L. Rodriguez
285,17,John V. Jones
286,13,Sarah W. Moore
287,14,William Y. Martinez
288,9,Sarah D. Brown
289,17,Michael S. Jackson
290,11,Michael P. Martin
291,12,Mary P. Martin
292,9,Robert K. Thomas
293,13,David S. Jackson
294,12,Jennifer X. Lopez
295,13,James M. Lopez
296,12,Michael H. Thomas
297,13,Mary I. Brown
298,12,Michael U. Lopez
299,13,Joseph M. Miller
300,12,Joseph C. Garcia
301,9,James K. Martinez
302,13,Patricia V. Johnson
303,8,William E. Moore
304,11,Sarah Z. Martinez
305,12,Richard O. Lopez
306,14,Mary R. Thomas
307,11,Joseph H. Wilson
308,8,Richard X. Martinez
309,16,Thomas W. Brown
310,10,Robert G. Taylor
311,15,Sarah T. Brown
312,9,Robert V. Davis
313,11,Robert Y. Jackson
314,12,John N. Moore
315,7,Barbara D. Taylor
316,12,Robert N. Moore
317,12,William X. Martin
318,16,Robert Q. Rodriguez
319,14,Charles Z. Taylor
320,13,Elizabeth U. Rodriguez
321,14,William L. Brown
322,15,Jennifer G. Moore
323,12,Elizabeth V. Lopez
324,11,Sarah I. Rodriguez
325,14,David J. Martinez
326,17,Richard S. Miller
327,11,Patricia M. Hernandez
328,11,Patricia E. Lopez
329,8,Michael S. Martinez
330,10,David F. Anderson
331,11,James P. Rodriguez
332,9,Mary S. Jones
333,10,Linda N. Williams
334,12,Jessica N. Brown
335,13,John L. Rodriguez
336,10,Thomas P. Hernandez
337,9,Robert U. Anderson
338,11,Michael K. Smith
339,8,Thomas O. Thomas
340,10,Robert T. Johnson
341,9,Robert E. Martinez
342,13,Mary C. Moore
343,11,Sarah Z. Johnson
344,5,Linda G. Rodriguez
345,8,David L. Rodriguez
346,12,Jessica U. Davis
347,13,Sarah E. Wilson
348,14,Karen T. Brown
349,6,Robert M. Moore
350,9,Charles D. Davis
351,6,Mary R. Taylor
352,10,Thomas N. Anderson
353,7,David S. Wilson
354,9,Michael U. Lopez
355,8,Jennifer W. Rodriguez
356,7,Michael Y. Anderson
357,9,Michael F. Lopez
358,9,David Q. Martinez
359,10,Susan N. Johnson
360,9,Susan E. Davis
361,9,Joseph N. Williams
362,6,Elizabeth Z. Davis
363,6,Michael W. Wilson
364,13,Barbara G. Miller
365,8,Karen O. Rodriguez
366,5,James R. Smith
367,10,Robert Y. Thomas
368,7,Jennifer J. Jones
369,10,Robert G. Gonzalez
370,10,Patricia T. Hernandez
371,12,Charles T. Anderson
372,9,Karen U. Davis
373,9,Michael Z. Gonzalez
374,9,Mary I. Wilson
375,8,Linda E. Moore
376,10,Joseph H. Jackson
377,8,Robert E. Miller
378,7,Karen Q. Rodriguez
379,8,Joseph J. Smith
380,6,James B. Jones
381,5,Jessica K. Anderson
382,10,Linda O. Martin
383,3,Thomas W. Rodriguez
384,8,James E. Jackson
385,6,James Q. Brown
386,7,Robert X. Johnson
387,9,Richard D. Lopez
388,6,Patricia E. Rodriguez
389,5,Barbara V. Miller
390,9,Barbara E. Smith
391,4,Jessica Z. Hernandez
392,10,Karen U. Miller
393,6,Barbara D. Taylor
394,8,Richard N. Wilson
395,9,Elizabeth P. Williams
396,5,Elizabeth L. Gonzalez
397,4,Mary N. Martinez
398,7,Thomas G. Garcia
399,7,Karen I. Davis
400,5,William P. Davis
401,8,John W. Anderson
402,7,Charles N. Martin
403,6,Mary D. Gonzalez
404,6,Susan L. Smith
405,5,Patricia A. Johnson
406,4,Jessica T. Rodriguez
407,4,Michael B. Jones
408,4,Richard Z. Martin
409,3,William A. Wilson
410,5,Sarah E. Johnson
411,6,Joseph F. Brown
412,4,John H. Thomas
413,5,Robert Y. Moore
414,2,Robert Y. Miller
415,5,Charles O. Gonzalez
416,4,Linda V. Miller
417,5,Jessica B. Lopez
418,6,Patricia X. Thomas
419,4,Robert H. Garcia
420,7,Robert A. Thomas
421,7,Linda Y. Gonzalez
422,2,Thomas Q. Thomas
423,6,Patricia X. Jones
424,3,Susan V. Martinez
425,4,Richard W. Gonzalez
426,3,William R. Garcia
427,3,Jennifer O. Brown
428,2,Mary A. Jones
429,5,Linda C. Wilson
430,4,Patricia R. Miller
431,3,Susan J. Jones
432,3,Linda D. Thomas
433,2,Robert Z. Jones
434,5,James G. Hernandez
435,3,Joseph P. Hernandez
436,3,David Y. Davis
437,3,James I. Thomas
438,2,Sarah L. Davis
439,5,Charles N. Brown
440,3,Barbara D. Williams
441,2,Susan A. Smith
442,2,Susan A. Jackson
443,3,Richard G. Hernandez
444,2,Michael S. Hernandez
445,2,Charles B. Davis
446,3,Mary Z. Smith
447,2,Charles L. Taylor
448,2,Thomas J. Martinez
449,2,Mary H. Thomas
