Word,Frequency
the,4835
to,4371
of,3952
and,3780
her,2252
i,2078
a,2076
in,2034
was,1873
she,1726
that,1598
it,1586
not,1517
you,1403
he,1347
his,1288
be,1276
as,1238
had,1180
with,1144
for,1108
but,1023
is,942
have,883
at,829
mr,805
him,760
on,744
by,721
my,707
all,660
so,607
they,607
elizabeth,603
which,568
were,568
been,535
could,531
from,525
no,511
very,502
this,499
what,489
would,480
their,450
your,446
me,435
them,435
will,422
said,405
such,398
or,397
are,390
when,388
if,382
an,381
darcy,378
do,364
there,363
mrs,356
much,336
more,334
am,324
must,322
any,319
miss,315
bennet,307
than,303
who,300
one,279
jane,271
did,270
we,265
bingley,261
should,256
has,255
know,241
how,237
other,237
herself,234
though,233
before,232
never,228
can,227
only,224
think,222
may,216
soon,215
well,215
some,209
now,208
might,205
after,205
most,204
time,200
own,195
little,190
lady,189
without,185
every,185
nothing,183
again,182
being,181
sister,176
good,172
make,172
then,172
collins,167
wickham,166
shall,164
illustration,163
dear,163
first,160
say,159
see,156
family,152
man,147
great,146
into,145
too,144
two,140
out,140
however,137
ever,136
lydia,135
about,134
made,132
young,132
us,132
day,132
himself,131
give,131
hope,126
always,125
its,124
away,123
many,122
long,120
last,119
cannot,117
letter,117
catherine,116
way,115
up,115
father,115
sisters,114
thought,112
enough,111
room,109
mother,108
house,106
friend,106
go,105
felt,105
sure,105
replied,103
saw,101
love,101
come,98
better,98
quite,98
wish,98
where,97
even,97
indeed,96
lizzy,95
myself,95
till,95
came,94
over,94
manner,94
having,93
pleasure,93
often,93
feelings,92
done,91
oh,91
cried,91
does,90
really,90
believe,90
chapter,89
project,89
whom,89
like,89
longbourn,88
subject,88
perhaps,87
gutenberg,87
heard,85
gardiner,84
ladies,83
take,83
anything,82
aunt,82
happy,82
less,81
while,81
these,80
whole,80
sir,79
down,79
our,79
yet,78
seen,78
daughter,77
certainly,77
just,77
let,77
still,76
morning,76
looked,75
place,75
something,75
same,74
both,73
few,73
netherfield,73
upon,73
happiness,72
added,72
next,72
nor,72
hear,72
therefore,72
world,72
least,72
evening,72
here,71
told,71
present,71
kind,71
towards,70
tell,70
kitty,70
found,70
attention,70
charlotte,70
speak,70
went,69
yes,68
opinion,67
town,67
colonel,67
character,67
seemed,67
work,67
received,66
between,66
home,66
each,66
marriage,66
left,66
lucas,66
almost,66
those,65
moment,65
part,65
together,64
either,64
answer,64
because,64
half,64
leave,63
off,62
others,62
rather,62
once,62
conversation,62
means,62
immediately,61
given,61
passed,61
gone,61
affection,61
find,61
brother,61
friends,61
woman,61
acquaintance,61
uncle,60
married,60
party,60
far,60
whose,60
everything,60
three,59
look,59
began,59
life,59
seeing,59
possible,59
since,59
whether,59
coming,58
certain,58
london,58
daughters,57
pride,57
another,57
knew,57
side,57
mind,57
meryton,57
going,57
known,56
took,55
general,55
behaviour,55
gave,54
return,54
visit,54
pemberley,54
bingleys,54
against,54
able,54
eyes,53
why,53
get,53
reason,53
perfectly,53
course,53
word,52
continued,52
person,52
idea,51
walk,51
hardly,50
regard,50
rosings,49
people,49
suppose,49
ill,49
settled,48
want,48
sense,48
read,48
business,48
yourself,48
object,48
darcys,47
right,47
wife,47
agreeable,47
impossible,47
point,47
girls,46
best,46
heart,46
country,46
called,46
manners,46
walked,46
marry,46
george,46
short,46
back,45
scarcely,45
through,45
help,45
returned,45
longer,44
carriage,44
spoke,44
ought,44
civility,44
turned,43
terms,43
expected,43
husband,43
de,43
else,43
doubt,42
honour,42
rest,42
mary,42
power,42
years,42
cousin,42
sometimes,41
likely,41
talking,41
assure,41
met,40
convinced,40
engaged,40
under,40
poor,40
account,40
elizabeths,40
stay,40
entered,40
brought,40
asked,40
hertfordshire,40
lydias,40
william,40
feel,40
fortune,39
girl,39
different,39
dare,39
spirits,39
write,39
neither,39
days,39
bennets,39
former,39
situation,38
_that_,38
within,38
talked,38
pleased,38
sat,38
forster,38
set,38
handsome,37
also,37
things,37
wished,37
gentlemen,37
near,37
sort,37
beyond,37
occasion,37
believed,37
minutes,37
everybody,37
afraid,37
surprise,37
men,37
glad,36
feeling,36
care,36
1894,36
bourgh,36
amiable,36
saying,35
sorry,35
case,35
information,35
expect,35
deal,35
wishes,35
four,35
door,35
wonder,35
merely,35
put,34
real,34
answered,34
advantage,34
respect,34
thousand,34
works,34
mean,34
themselves,34
end,34
surprised,34
satisfied,34
determined,34
night,34
usual,34
silence,34
hour,34
_copyright,34
allen_,34
invitation,34
_you_,33
particularly,33
whatever,33
ball,33
full,33
consider,33
ask,33
officers,33
head,33
name,33
taken,33
sensible,32
early,32
appear,32
exactly,32
society,32
meet,32
hurst,32
allow,32
news,32
ten,32
afterwards,32
five,32
arrival,32
making,32
table,32
dance,32
fitzwilliam,32
wickhams,32
gentleman,32
speaking,32
appeared,32
length,32
comfort,31
smile,31
equal,31
instantly,31
talk,31
thus,31
particular,31
hours,31
dinner,31
necessary,31
alone,31
understand,31
fine,31
year,30
astonishment,30
looking,30
countenance,30
resolved,30
consequence,30
new,30
receive,30
ladyship,30
words,30
air,30
thing,30
already,30
appearance,30
opportunity,30
obliged,29
heading,29
neighbourhood,29
week,29
use,29
mention,29
except,29
money,29
janes,29
kindness,29
lost,29
absence,28
anyone,28
anybody,28
during,28
mentioned,28
highly,28
seems,28
joined,28
true,28
liked,28
forward,28
entirely,28
observed,28
credit,28
assured,28
exceedingly,28
call,28
pain,28
disposition,28
beauty,28
delight,28
younger,28
allowed,27
face,27
easily,27
imagine,27
following,27
truth,27
attachment,27
attentions,27
meant,27
ago,27
natural,27
hand,27
keep,27
knowing,27
interest,27
thoughts,27
expressed,27
second,27
offer,27
circumstances,27
matter,27
philips,27
electronic,27
satisfaction,27
anxious,26
giving,26
admiration,26
further,26
nature,26
doing,26
happened,26
easy,26
greater,26
express,26
hearing,26
compliment,26
especially,26
silent,26
small,26
wholly,26
change,26
conduct,26
pray,26
several,26
walking,26
supposed,26
probably,26
got,25
paid,25
among,25
send,25
persuaded,25
serious,25
relations,25
mothers,25
reply,25
derbyshire,25
meeting,25
hunsford,25
temper,25
foundation,25
pleasing,25
state,25
bear,25
delighted,25
concern,25
children,25
pretty,25
followed,25
turn,25
common,24
directly,24
pounds,24
acquainted,24
degree,24
written,24
_her_,24
living,24
large,24
whenever,24
attended,24
latter,24
master,24
notice,24
considered,24
brighton,24
attempt,24
inquiries,23
dancing,23
sake,23
collinss,23
prevented,23
spite,23
remained,23
wanted,23
remember,23
live,23
library,23
curiosity,23
delightful,23
match,23
importance,23
unless,23
depend,23
park,23
hopes,23
eliza,23
mistaken,23
voice,23
used,23
company,23
frequently,23
women,22
united,22
months,22
dislike,22
spent,22
design,22
proper,22
favour,22
above,22
fair,22
fear,22
journey,22
intended,22
event,22
expression,22
fixed,22
knowledge,22
thinking,22
marrying,22
book,22
gardiners,22
praise,22
_i_,22
need,21
slight,21
fortnight,21
regiment,21
greatest,21
_me_,21
agreement,21
times,21
wrote,21
superior,21
trouble,21
receiving,21
question,21
desire,21
repeated,21
inclination,21
seem,21
listened,21
choose,21
eldest,21
favourite,21
proud,21
gratitude,21
promised,21
address,20
understanding,20
states,20
ready,20
hoped,20
charming,20
late,20
purpose,20
none,20
acknowledged,20
copyright,20
niece,20
estate,20
sent,20
instead,20
equally,20
drew,20
particulars,20
engagement,20
forced,20
affected,20
madam,20
affectionate,20
connection,20
austen,20
yours,20
vain,20
danger,19
endeavour,19
comes,19
thank,19
anxiety,19
cause,19
join,19
removed,19
cold,19
circumstance,19
perfect,19
sitting,19
resolution,19
reached,19
scheme,19
summer,19
son,19
accepted,19
breakfast,19
taking,19
affair,19
chance,19
related,19
cousins,19
regret,19
play,19
pleasant,19
fathers,19
intelligence,19
fancy,19
excellent,19
strong,19
comprehend,19
form,19
_she_,19
round,19
view,18
concerned,18
weeks,18
evident,18
led,18
nephew,18
accept,18
maria,18
success,18
felicity,18
future,18
loss,18
connections,18
opened,18
vanity,18
admire,18
leaving,18
capable,18
absolutely,18
avoid,18
persuade,18
expectation,18
smiled,18
pause,18
open,18
civil,18
health,18
street,18
old,18
motive,18
resentment,18
partner,17
saturday,17
angry,17
_my_,17
otherwise,17
scene,17
forget,17
likewise,17
sight,17
ease,17
laugh,17
pass,17
beg,17
tone,17
chief,17
license,17
generally,17
indifference,17
kept,17
wait,17
effect,17
drawingroom,17
please,17
light,17
disappointment,17
high,17
bring,17
moments,17
promise,17
report,17
charlottes,17
proved,17
taste,17
addressed,17
earnest,17
dearest,17
readily,17
interesting,17
nobody,17
prevent,17
distance,16
became,16
confess,16
fond,16
distress,16
step,16
eye,16
extraordinary,16
composure,16
politeness,16
road,16
companion,16
spoken,16
charge,16
suddenly,16
chose,16
intention,16
lively,16
catherines,16
upstairs,16
parsonage,16
miles,16
persons,16
advice,16
ashamed,16
tried,16
ignorant,16
public,16
formed,16
letters,16
conviction,16
youngest,16
bad,16
dine,16
share,16
blame,16
age,16
_your_,16
tolerable,16
unable,16
excuse,16
observation,15
picture,15
reasonable,15
arrived,15
beautiful,15
false,15
humour,15
tomorrow,15
brothers,15
period,15
comparison,15
disagreeable,15
window,15
worse,15
fortunate,15
prevailed,15
fact,15
reading,15
declared,15
lucases,15
trust,15
housekeeper,15
disposed,15
marked,15
extremely,15
indifferent,15
worth,15
wrong,15
winter,15
duty,15
seated,15
writing,15
misery,15
opening,15
sit,15
connected,15
belief,15
judgment,15
immediate,15
justice,15
agree,15
calling,15
servant,15
says,15
prejudice,15
donations,15
greatly,14
kent,14
assistance,14
pardon,14
probable,14
evil,14
wishing,14
shire,14
sentence,14
astonished,14
speech,14
nieces,14
literary,14
caroline,14
aware,14
prospect,14
servants,14
gratified,14
struck,14
behind,14
deceived,14
possibility,14
painful,14
learnt,14
elegant,14
_his_,14
tolerably,14
assurance,14
determine,14
rank,14
listen,14
looks,14
asking,14
thanks,14
choice,14
creature,14
difficult,14
eagerly,14
respectable,14
forgotten,14
plan,14
visitors,14
compassion,14
entrance,14
welcome,14
principal,14
occurred,14
archive,14
influence,14
farther,14
consideration,14
supposing,14
alarm,14
objection,14
questions,14
yesterday,13
child,13
parted,13
difference,13
finding,13
protested,13
conceal,13
partiality,13
books,13
applied,13
twice,13
story,13
ebook,13
turning,13
lived,13
dared,13
contempt,13
unhappy,13
trademark,13
seriously,13
enjoyment,13
frequent,13
required,13
colour,13
distressed,13
considering,13
etc,13
single,13
clothes,13
recollected,13
intimate,13
grateful,13
judge,13
agreed,13
suffer,13
add,13
nearly,13
leisure,13
constant,13
meaning,13
hint,13
forth,13
secure,13
understood,13
relief,13
stood,13
plain,13
rich,13
request,13
sooner,13
spend,13
beginning,13
ran,13
interference,13
anger,13
lose,13
produced,13
danced,13
standing,13
ideas,13
eager,13
consent,13
congratulations,12
amusement,12
considerable,12
believing,12
wedding,12
expressions,12
actually,12
delicacy,12
_him_,12
georgiana,12
favourable,12
courage,12
try,12
church,12
lately,12
tea,12
tuesday,12
copy,12
lane,12
husbands,12
joy,12
silly,12
ladyships,12
folly,12
garden,12
observing,12
learn,12
hall,12
steady,12
amongst,12
approaching,12
begin,12
permission,12
free,12
denny,12
due,12
naturally,12
attached,12
occasionally,12
education,12
noble,12
pay,12
application,12
follow,12
hard,12
engagements,12
shortly,12
stranger,12
parties,12
comfortable,12
admired,12
recommend,12
enter,12
accomplished,12
bringing,12
apprehension,12
compliments,12
disappointed,12
lord,12
happen,12
ground,12
perceived,12
fears,11
lips,11
neglect,11
wants,11
wild,11
aloud,11
smallest,11
feared,11
views,11
returning,11
offended,11
rendered,11
important,11
elopement,11
neighbours,11
generous,11
relationship,11
supper,11
gained,11
run,11
dreadful,11
proposal,11
introduce,11
mamma,11
necessity,11
inquiry,11
flatter,11
consolation,11
goodness,11
goodhumour,11
income,11
provided,11
spirit,11
inclined,11
seldom,11
instrument,11
besides,11
hurry,11
caught,11
music,11
boast,11
informed,11
disgrace,11
finished,11
law,11
provide,11
relate,11
_he_,11
private,11
including,11
satisfy,11
increasing,11
objections,11
dances,11
fall,11
sentiments,11
earnestly,11
opposite,11
bow,11
introduction,11
moreover,11
recollection,11
sudden,11
six,11
support,11
drove,11
decided,11
visitor,11
itself,11
passing,11
imprudent,11
uncles,11
laughed,11
grieved,11
esteem,11
invited,11
hill,11
desirable,11
relation,11
increased,11
remain,11
confidence,11
rational,11
shook,11
excited,11
loved,11
chaise,11
paragraph,11
happiest,10
possession,10
secrecy,10
gives,10
makes,10
quit,10
knows,10
listening,10
lambton,10
embarrassment,10
escape,10
unlucky,10
endeavoured,10
offered,10
style,10
heartily,10
laughing,10
impatience,10
observe,10
along,10
reynolds,10
communication,10
staying,10
thither,10
remarkably,10
direction,10
consequently,10
concluded,10
wretched,10
smiling,10
pronounced,10
elder,10
amazement,10
heaven,10
awkward,10
ones,10
hurried,10
unwilling,10
contrary,10
attentive,10
debts,10
lines,10
addition,10
authority,10
parish,10
laws,10
proposals,10
sincere,10
mine,10
strange,10
chiefly,10
furniture,10
prepared,10
highest,10
explanation,10
accompanied,10
youth,10
fresh,10
smiles,10
virtue,10
triumph,10
subjects,10
imprudence,10
preference,10
stand,10
low,10
overcome,10
probability,10
partial,10
reflection,10
vexation,10
shame,10
complete,10
utmost,10
excessively,10
running,10
intimacy,10
inquire,10
occasions,10
confusion,10
undoubtedly,10
encouragement,10
interruption,10
proceeded,10
study,10
insufficient,10
quick,10
note,10
property,10
friendship,10
access,10
refund,10
coach,9
fire,9
changed,9
cheerful,9
sincerely,9
suspected,9
laid,9
haste,9
today,9
stairs,9
valuable,9
parting,9
humble,9
spared,9
likes,9
mistress,9
bore,9
waiting,9
interrupted,9
noticed,9
fashion,9
minute,9
guarded,9
explained,9
directed,9
act,9
propriety,9
pity,9
become,9
ourselves,9
sunday,9
number,9
value,9
thankful,9
discover,9
elegance,9
contents,9
remaining,9
entail,9
forgive,9
reflections,9
placed,9
quarter,9
prove,9
repeatedly,9
attending,9
tall,9
continue,9
honoured,9
tears,9
incapable,9
hate,9
uncommonly,9
introduced,9
patience,9
recommended,9
comply,9
declare,9
improvement,9
close,9
austens,9
material,9
line,9
whisper,9
wednesday,9
peculiar,9
suspicion,9
female,9
language,9
reception,9
formal,9
moved,9
grave,9
deserve,9
rejoiced,9
longed,9
entering,9
impression,9
various,9
past,9
exertion,9
mistake,9
refuse,9
quitted,9
inform,9
admitted,9
expense,9
quietly,9
hastily,9
remembered,9
gracechurch,9
show,9
console,9
violent,9
contain,9
threw,9
assurances,9
sound,8
dwelling,8
possibly,8
lest,8
properly,8
hold,8
charm,8
gallantry,8
interested,8
according,8
complexion,8
description,8
seek,8
alteration,8
clear,8
shown,8
admit,8
persuasion,8
abode,8
gentlemans,8
fun,8
evils,8
clever,8
expressing,8
parts,8
heightened,8
truly,8
carried,8
begged,8
owner,8
diningroom,8
clergyman,8
taught,8
sex,8
balls,8
recollections,8
severe,8
chooses,8
throw,8
enjoy,8
matters,8
certainty,8
somebody,8
acknowledge,8
frightened,8
apology,8
suffered,8
ordered,8
warmly,8
sacrifice,8
delicate,8
river,8
instant,8
actual,8
vexed,8
inquired,8
death,8
approach,8
relieved,8
remarks,8
variety,8
tax,8
watching,8
eight,8
force,8
breakfastroom,8
monday,8
unknown,8
exclaimed,8
arise,8
couple,8
employed,8
safe,8
perceive,8
officer,8
indebted,8
rooms,8
refusal,8
collection,8
scotland,8
reach,8
memory,8
extent,8
arrangement,8
_not_,8
doubted,8
notion,8
idle,8
hundred,8
reproach,8
gentlemanlike,8
shocked,8
openly,8
check,8
indignation,8
altogether,8
below,8
deny,8
concerns,8
governess,8
ignorance,8
utter,8
fee,8
features,8
figure,8
order,8
unpleasant,8
prepare,8
discovered,8
seeking,8
impatient,8
wherever,8
lodge,8
wondered,8
nay,8
ladys,8
quitting,8
formerly,8
separation,8
instance,8
maam,8
remarkable,8
nonsense,8
conclusion,8
totally,8
usually,8
impertinence,8
advise,8
jenkinson,8
assembly,8
doors,8
somewhat,8
alarmed,8
eagerness,8
thrown,8
bestowed,8
gracious,8
parents,8
misfortune,8
chosen,8
differently,8
drawn,8
opinions,8
stayed,8
showed,8
solicitude,8
encouraged,8
direct,8
difficulty,8
foolish,8
neighbour,8
objects,8
warmth,8
horses,8
families,7
distinction,7
north,7
satisfactory,7
raptures,7
entertained,7
occasional,7
names,7
exercise,7
qualities,7
mere,7
wit,7
explain,7
king,7
third,7
expectations,7
flattered,7
secret,7
habit,7
deep,7
tempted,7
established,7
reserved,7
urged,7
strongly,7
commendation,7
st,7
friendly,7
rate,7
guard,7
playing,7
philipss,7
drink,7
dined,7
alluded,7
office,7
_we_,7
succeeded,7
discovery,7
wanting,7
bestow,7
conjecture,7
source,7
supply,7
distinguished,7
uneasy,7
appears,7
lucky,7
orders,7
getting,7
parlour,7
treated,7
teasing,7
cards,7
renewal,7
game,7
charles,7
suit,7
thanked,7
using,7
ebooks,7
copies,7
distributing,7
deserved,7
esteemed,7
selfish,7
uncomfortable,7
service,7
art,7
describe,7
removal,7
displaying,7
directions,7
advantages,7
mentioning,7
motives,7
original,7
performed,7
fast,7
allowing,7
month,7
waited,7
takes,7
schemes,7
approbation,7
lead,7
welcomed,7
telling,7
domestic,7
completely,7
affairs,7
effort,7
quest,7
paying,7
defect,7
expose,7
possess,7
fancied,7
reserve,7
roused,7
circle,7
hands,7
woods,7
inn,7
behaved,7
concealed,7
endeavours,7
acted,7
command,7
honourable,7
uneasiness,7
cared,7
merit,7
kindly,7
appearing,7
post,7
gallery,7
condescension,7
patroness,7
glance,7
unexpected,7
display,7
trusted,7
represented,7
civilities,7
commission,7
spot,7
concerning,7
resolving,7
finally,7
unreasonable,7
eligible,7
goodhumoured,7
assist,7
_will_,7
freely,7
sixteen,7
rising,7
afford,7
rejoice,7
resemblance,7
improved,7
larger,7
pretend,7
section,7
associated,7
located,7
date,7
syllable,7
desirous,7
temptation,7
watched,7
sentiment,7
discourse,7
entreaty,7
dreaded,7
blushed,7
proof,7
quiet,7
refusing,7
addresses,7
keeping,7
embarrassed,7
owed,7
efforts,7
settle,7
intending,7
paper,7
contained,7
aunts,7
disapprobation,7
claim,7
dependence,7
rose,7
distribute,7
worst,7
companions,7
congratulate,7
ventured,7
improbable,7
hers,7
cost,7
establishment,6
trying,6
cases,6
disdain,6
sweet,6
lawn,6
error,6
resigned,6
corps,6
modesty,6
twenty,6
purposely,6
continually,6
strength,6
hurt,6
goodnatured,6
blind,6
_did_,6
across,6
fitted,6
recovered,6
agitation,6
gratifying,6
indulgence,6
proceeding,6
gate,6
jamess,6
mile,6
causes,6
intercourse,6
_them_,6
papa,6
voluntarily,6
afforded,6
human,6
fault,6
shocking,6
card,6
renewed,6
impertinent,6
owe,6
court,6
repeating,6
chair,6
seat,6
pleasures,6
amused,6
cheerfulness,6
gown,6
fail,6
suspense,6
engaging,6
grew,6
profession,6
entertainment,6
powers,6
dont,6
distribution,6
reminded,6
christmas,6
weak,6
arising,6
useful,6
willing,6
compliance,6
conceited,6
defects,6
result,6
proceed,6
_this_,6
gentle,6
justify,6
collinses,6
author,6
respects,6
approached,6
displeasure,6
earliest,6
twelvemonth,6
evenings,6
sees,6
beauties,6
raised,6
increase,6
acceptable,6
assembled,6
putting,6
mortifying,6
occupied,6
quality,6
miserable,6
travelling,6
pursue,6
forbearance,6
professions,6
advisable,6
beneath,6
invite,6
departure,6
encourage,6
performance,6
curious,6
speedily,6
produce,6
fifty,6
method,6
claims,6
recollect,6
dressed,6
effects,6
follows,6
evidently,6
impropriety,6
village,6
employment,6
warm,6
offers,6
oblige,6
entreat,6
actions,6
separate,6
accident,6
sick,6
characters,6
tables,6
delayed,6
ceased,6
ay,6
moving,6
birth,6
necessarily,6
aspect,6
declined,6
closed,6
draw,6
distressing,6
perverseness,6
plainly,6
violently,6
accordingly,6
broken,6
conclude,6
preparing,6
entailed,6
matrimony,6
desired,6
uncommon,6
personal,6
coffee,6
cross,6
genius,6
gradually,6
stopped,6
wisest,6
presence,6
peace,6
militia,6
falsehood,6
spare,6
dining,6
louisa,6
williams,6
carriages,6
described,6
pursuit,6
prefer,6
entreaties,6
insist,6
softened,6
abhorrence,6
weather,6
created,6
recover,6
dropped,6
stronger,6
active,6
limited,6
inconvenience,6
individual,6
_now_,6
abilities,6
independence,6
abominable,6
somewhere,6
useless,6
touched,6
deference,6
weight,6
unfortunate,6
lakes,6
complying,6
mortification,6
altered,6
liberty,6
county,6
purchase,6
windows,6
finer,6
obtain,6
grounds,6
refused,6
hopeless,6
delay,6
tour,6
carry,6
volunteers,5
strike,5
arguments,5
mercenary,5
steward,5
injured,5
nice,5
mutual,5
allusion,5
attributed,5
calm,5
events,5
relating,5
ah,5
dignity,5
refreshment,5
approve,5
mans,5
f,5
accepting,5
sufficient,5
offence,5
fishing,5
meanwhile,5
justified,5
spending,5
deficient,5
diffidence,5
pressing,5
elsewhere,5
bed,5
absolute,5
humanity,5
respectability,5
ruin,5
happily,5
horse,5
uncivil,5
designed,5
fearful,5
addison,5
principle,5
visible,5
defective,5
nearest,5
breach,5
sad,5
unaffected,5
philosophy,5
perform,5
gratefully,5
held,5
indulge,5
ring,5
fish,5
trifling,5
attempted,5
nearer,5
providing,5
dead,5
lower,5
preserve,5
white,5
obligation,5
oclock,5
dish,5
emotion,5
expecting,5
misfortunes,5
disgraceful,5
weakness,5
crossed,5
repeat,5
start,5
censure,5
amuse,5
vacant,5
shop,5
convenient,5
lover,5
horror,5
quarrel,5
infinitely,5
displayed,5
disgust,5
assert,5
treat,5
borne,5
measure,5
reasons,5
declaration,5
sum,5
opposed,5
lodgings,5
november,5
capital,5
distant,5
likelihood,5
materially,5
pianoforte,5
coloured,5
_do_,5
wise,5
ridicule,5
apologize,5
visits,5
recent,5
lovers,5
dwelt,5
spring,5
fellow,5
benefit,5
enumerating,5
shut,5
everyone,5
ceremony,5
mornings,5
confirmation,5
joining,5
expenses,5
melancholy,5
inquiring,5
sides,5
history,5
estimation,5
secured,5
permitted,5
conscience,5
discretion,5
venture,5
wwwgutenbergorg,5
welfare,5
solemnity,5
condescended,5
punishment,5
risk,5
restraint,5
illnatured,5
freedom,5
song,5
teach,5
recollecting,5
requiring,5
protected,5
_there_,5
arose,5
recovering,5
alarming,5
touch,5
sing,5
energy,5
fully,5
withdrew,5
unnatural,5
inducement,5
shared,5
fitzwilliams,5
novelty,5
example,5
divided,5
remains,5
confined,5
absurd,5
economy,5
driven,5
dressingroom,5
disguise,5
arisen,5
engrossed,5
mode,5
accomplishments,5
similar,5
_one_,5
principally,5
online,5
included,5
failed,5
1e1,5
visiting,5
message,5
places,5
unfolded,5
leading,5
amusing,5
phrase,5
lucass,5
extreme,5
occur,5
argument,5
pains,5
masters,5
steps,5
advanced,5
sought,5
guest,5
provoke,5
rid,5
amazed,5
intelligent,5
letting,5
whist,5
additional,5
previous,5
cruelty,5
inferior,5
exposing,5
thin,5
solemn,5
lay,5
polite,5
front,5
trees,5
entertain,5
treatment,5
pretensions,5
moral,5
copying,5
attractions,5
novels,5
obliging,5
charms,5
distributed,5
hasty,5
insensibility,5
correspondence,5
imaginary,5
_mine_,5
mortified,5
eat,5
guess,5
attend,5
vestibule,5
bitterness,5
imagined,5
disadvantage,5
uttered,5
critical,5
finish,5
strangers,5
pointed,5
progress,5
mend,5
adding,5
accidentally,5
mixture,5
odd,5
adieu,5
humility,5
pointing,5
tranquillity,5
presentation,5
alacrity,5
replacement,5
1f3,5
medium,5
impatiently,5
engage,5
checked,5
interrupt,5
courtesy,5
endeavouring,5
reflect,5
england,5
forgot,5
discussion,5
sufficiently,5
piece,5
escaped,5
proposed,5
morrow,5
_the,5
suggested,5
page,5
list,5
later,5
fifteen,5
insolent,5
trifle,5
summoned,5
dress,5
ways,5
sweetness,5
fool,5
resist,4
earlier,4
flow,4
unwelcome,4
decide,4
grandeur,4
consistent,4
entitled,4
infamous,4
representation,4
yield,4
affections,4
nerves,4
supposition,4
walks,4
reproof,4
amidst,4
affectionately,4
rapidity,4
execution,4
varied,4
characteristic,4
peoples,4
trade,4
apartment,4
attack,4
situated,4
encounter,4
induce,4
hints,4
employments,4
tenderly,4
flirting,4
conjecturing,4
faint,4
converse,4
calculated,4
deeply,4
recommendation,4
restoration,4
attendance,4
acting,4
website,4
caprice,4
nervous,4
conceit,4
acknowledgment,4
deceive,4
obstinate,4
formidable,4
selected,4
fix,4
dissatisfied,4
yielding,4
falling,4
affront,4
shrubbery,4
assuring,4
format,4
status,4
senses,4
examining,4
contrast,4
swift,4
pale,4
regrets,4
driving,4
illustrations,4
soninlaw,4
dinnertime,4
path,4
clapham,4
headstrong,4
contemplation,4
warn,4
pleasanter,4
posted,4
holder,4
fees,4
requirements,4
1e8,4
salutation,4
catch,4
abominably,4
arm,4
hesitation,4
valley,4
showing,4
residence,4
honestly,4
english,4
follies,4
management,4
_such_,4
meat,4
rejoicing,4
occurrences,4
1,4
confused,4
designs,4
hastened,4
nephews,4
conference,4
interval,4
solely,4
lift,4
trace,4
reaching,4
becomes,4
thursday,4
rejected,4
quickly,4
complied,4
awakened,4
sincerity,4
special,4
remark,4
stream,4
_they_,4
season,4
treasure,4
mission,4
june,4
liveliness,4
unite,4
begins,4
unconnected,4
arts,4
decidedly,4
likeness,4
obtained,4
protesting,4
complaints,4
occasioned,4
field,4
justly,4
symptom,4
incumbent,4
fancying,4
cautious,4
breeding,4
admirable,4
opportunities,4
stared,4
animated,4
creating,4
calmness,4
privately,4
wood,4
introducing,4
delivered,4
extensive,4
injustice,4
conjectures,4
solitary,4
deserves,4
exact,4
anticipated,4
depended,4
scruple,4
editions,4
space,4
propose,4
objectionable,4
secondly,4
tongue,4
army,4
score,4
carrying,4
confirmed,4
fatigue,4
points,4
sensibility,4
promising,4
buy,4
aside,4
defy,4
attempting,4
sole,4
faults,4
behalf,4
imposed,4
won,4
infamy,4
singing,4
grievous,4
practice,4
apply,4
foundations,4
fatigued,4
amends,4
whilst,4
wilfully,4
unlikely,4
clearly,4
born,4
positive,4
resent,4
assisted,4
illjudged,4
abroad,4
suspicions,4
diningparlour,4
decorum,4
shows,4
excessive,4
perusal,4
intentions,4
agitated,4
endured,4
comforts,4
speeches,4
exclaiming,4
forming,4
awkwardness,4
skill,4
ended,4
goodwill,4
apothecary,4
covering,4
screen,4
cheeks,4
tired,4
_two_,4
_all_,4
lessen,4
reduced,4
impulse,4
feels,4
simpleton,4
briefly,4
acceptance,4
complain,4
wisely,4
careful,4
instances,4
prudent,4
benefited,4
black,4
disliked,4
gravity,4
anne,4
rode,4
coat,4
attacks,4
regular,4
fielding,4
unnecessary,4
convince,4
studying,4
womans,4
despatched,4
depart,4
john,4
jealousy,4
sorrow,4
withheld,4
extended,4
accent,4
grow,4
unlike,4
unjust,4
examined,4
succeeding,4
absent,4
unwillingly,4
piling,4
proportion,4
reader,4
shape,4
enjoying,4
preserved,4
newcastle,4
preferred,4
competition,4
slightly,4
preceding,4
sly,4
bell,4
harm,4
repaired,4
construction,4
killed,4
tempt,4
thanking,4
deliberation,4
dirty,4
unpardonable,4
unequal,4
sport,4
gentleness,4
extravagant,4
acutely,4
_their_,4
intelligible,4
procured,4
activity,4
repine,4
scruples,4
betrayed,4
imputed,4
fit,4
v,4
twelve,4
debt,4
professed,4
liberal,4
contented,4
prospects,4
pleasantly,4
flattering,4
encouraging,4
stupidity,4
blush,4
require,4
patronage,4
luckily,4
supported,4
contrivance,4
lieu,4
numerous,4
inconvenient,4
promote,4
blessing,4
hated,4
cherished,4
middle,4
press,4
stupid,4
glancing,4
powerful,4
drive,4
phaeton,4
lives,4
_têteàtête_,4
receipt,4
younge,4
rain,4
carter,4
happens,4
stop,4
attribute,4
suspect,4
delightfully,4
witnessed,4
affability,4
experienced,4
worked,4
higher,4
4,4
slightest,4
willingly,4
reject,4
readiness,4
reasonably,4
loving,4
allowance,4
errors,4
tender,4
handsomest,4
sickly,4
bourghs,4
visited,4
animation,4
coolly,4
captain,4
compared,4
copse,4
extravagance,4
accuse,4
confessed,4
started,4
mark,4
flirt,4
selfimportance,4
quadrille,4
luck,4
valued,4
cordiality,4
bought,4
insensible,4
furnish,4
widely,4
formality,4
alive,4
dull,4
thinks,4
romantic,4
grown,4
cruel,4
complaisance,4
complacency,4
hoping,4
owing,4
doubtless,4
displeased,4
apologizing,4
humbled,4
dread,4
unworthy,4
awe,4
demand,4
announce,4
imagination,4
houses,4
estates,4
viewing,4
sunk,4
unguarded,4
size,4
surely,4
minds,4
blessed,4
forcibly,4
perceiving,4
damages,4
equipment,3
disclaimer,3
liability,3
warranties,3
survey,3
applicable,3
loves,3
assertions,3
spiteful,3
obsequious,3
accompany,3
bidding,3
attach,3
handed,3
striking,3
rejection,3
thoroughly,3
meanly,3
universally,3
favourites,3
descent,3
resented,3
wonders,3
offering,3
user,3
whichever,3
violence,3
agreeably,3
meditating,3
rapid,3
unfortunately,3
incredulous,3
promises,3
writer,3
illwill,3
punctual,3
stately,3
exhibition,3
momentary,3
advantageously,3
summons,3
publicly,3
contrived,3
overlooked,3
complimented,3
fallen,3
overpowered,3
accounting,3
mischief,3
excite,3
gaining,3
slighted,3
playfulness,3
grieve,3
school,3
withdrawn,3
pompous,3
save,3
vice,3
regimentals,3
unreserved,3
offensive,3
modern,3
experience,3
rude,3
offending,3
urgent,3
preaching,3
shaken,3
burst,3
selfdenial,3
bowed,3
spread,3
attorney,3
hereafter,3
hospitality,3
objecting,3
daily,3
paused,3
reconciled,3
greatness,3
discomposure,3
signify,3
waiter,3
detest,3
insupportable,3
kingdom,3
provision,3
approved,3
separated,3
err,3
red,3
cruelly,3
shade,3
group,3
excellence,3
merry,3
afternoon,3
regiments,3
decease,3
uniformly,3
ungenerous,3
privileged,3
handsomer,3
passion,3
invariably,3
tidings,3
bless,3
replying,3
nind,3
secretly,3
traced,3
legal,3
despaired,3
gravely,3
familiar,3
cool,3
existed,3
collected,3
ramsgate,3
discussed,3
gross,3
comparatively,3
devoted,3
oppose,3
adds,3
unwillingness,3
respected,3
unfeeling,3
widow,3
lewis,3
needed,3
punctually,3
hesitated,3
oftener,3
intermission,3
survive,3
consoling,3
quarrelling,3
brotherinlaw,3
determining,3
vast,3
nuptials,3
sharing,3
ponies,3
wealth,3
brings,3
boys,3
maid,3
ridiculous,3
partners,3
peculiarly,3
bound,3
adapted,3
adorned,3
scandalous,3
alternative,3
attentively,3
wounded,3
continual,3
fearing,3
questioned,3
mouths,3
dying,3
union,3
disconcerted,3
solicit,3
obligations,3
voluntary,3
guilt,3
accomplishment,3
communicated,3
involved,3
died,3
defiance,3
respecting,3
obeyed,3
die,3
continuance,3
saving,3
invaluable,3
_appearance_,3
desperate,3
undeserving,3
seeming,3
provoking,3
god,3
solitude,3
_must_,3
cordial,3
keeps,3
keenest,3
beholding,3
announced,3
unhappily,3
deprived,3
broke,3
lamentations,3
containing,3
pursuing,3
incredible,3
wonderful,3
inhabitants,3
busily,3
paddock,3
faces,3
reflected,3
advised,3
watch,3
politely,3
benevolence,3
remind,3
_some_,3
flight,3
housekeeping,3
cordially,3
observations,3
colouring,3
courses,3
patron,3
preferment,3
iv,3
privilege,3
liveliest,3
condition,3
silently,3
diverted,3
becoming,3
gloomy,3
derive,3
remembrance,3
readers,3
outside,3
advance,3
accusations,3
firm,3
shant,3
effectually,3
im,3
tallest,3
ballroom,3
drop,3
per,3
assertion,3
impartial,3
conversing,3
adopt,3
represent,3
comprehended,3
planned,3
_more_,3
removing,3
walker,3
nonsensical,3
hair,3
petticoat,3
retired,3
studies,3
universal,3
pretending,3
existence,3
reputation,3
diversion,3
unsettled,3
heavy,3
confession,3
shoot,3
xxv,3
tis,3
incredulity,3
disdained,3
recital,3
abusing,3
succeed,3
hesitate,3
sermons,3
carolines,3
overcame,3
of_,3
despised,3
substance,3
camp,3
prognostics,3
sensations,3
rewarded,3
compose,3
avowed,3
retirement,3
frost,3
shoes,3
integrity,3
prudence,3
misunderstand,3
postscript,3
affinity,3
security,3
research,3
prodigiously,3
tenderness,3
poorly,3
banished,3
thoughtlessness,3
manage,3
composed,3
repetition,3
presumption,3
final,3
splendid,3
wifes,3
portion,3
presently,3
frivolous,3
whence,3
_should_,3
crowded,3
composedly,3
spectator,3
_is_,3
tendency,3
serenity,3
reserves,3
amusements,3
civilly,3
overlook,3
intolerable,3
excepting,3
envy,3
overthrown,3
belonged,3
disgusted,3
examination,3
owns,3
vouch,3
abundantly,3
branch,3
horrid,3
heroines,3
improve,3
wine,3
boy,3
unexpectedly,3
perseverance,3
sources,3
frankness,3
tumult,3
joke,3
_would_,3
defend,3
convenience,3
offences,3
gloom,3
condemn,3
fetch,3
generations,3
stationed,3
measures,3
bride,3
wellbred,3
dearly,3
available,3
allen,3
156,3
divide,3
guardianship,3
hither,3
saved,3
barely,3
hurrying,3
ceremonious,3
tease,3
negative,3
relates,3
happier,3
rector,3
suitableness,3
disinterested,3
vary,3
lovely,3
contracted,3
envelope,3
sheet,3
sinking,3
faithful,3
thorough,3
drawing,3
officious,3
raising,3
agreeing,3
miniature,3
presents,3
unconsciously,3
bent,3
narrow,3
height,3
royalties,3
disappointing,3
explaining,3
conscious,3
punish,3
plague,3
growing,3
notions,3
returns,3
distrust,3
cease,3
habits,3
revived,3
flutter,3
quartered,3
blue,3
applying,3
avowal,3
caution,3
prosperity,3
safely,3
offend,3
dejection,3
lament,3
feature,3
talent,3
_had_,3
incivility,3
carefully,3
consult,3
derivative,3
eloquence,3
bridge,3
sink,3
defence,3
pleasantness,3
total,3
addressing,3
figures,3
worthy,3
procuring,3
considerably,3
gentlemens,3
confident,3
loud,3
implied,3
fingers,3
judged,3
farewell,3
ungracious,3
fools,3
setting,3
apparent,3
thirty,3
betray,3
route,3
willingness,3
anguish,3
speaks,3
communicate,3
overheard,3
answering,3
hills,3
descended,3
gravel,3
grove,3
destined,3
sleep,3
insignificance,3
intervals,3
successful,3
interview,3
steadfastly,3
mantelpiece,3
water,3
miniatures,3
render,3
wonderfully,3
perpetually,3
refrain,3
cynicism,3
sisterly,3
dignified,3
instructions,3
consciousness,3
mixed,3
move,3
remove,3
illhumour,3
provoked,3
wilful,3
emma,3
glow,3
deigned,3
heavens,3
sweetest,3
entity,3
pitiable,3
copied,3
disengaged,3
minutely,3
sketch,3
wandering,3
bonnet,3
muslin,3
inevitable,3
denied,3
sensation,3
authorized,3
affectation,3
poultry,3
genteel,3
placing,3
ate,3
preface,3
candour,3
dismissed,3
epsom,3
listener,3
liable,3
suitable,3
claimed,3
intrusion,3
pitied,3
submit,3
lasted,3
wide,3
pronounce,3
reliance,3
haughty,3
inviting,3
inferiority,3
jealous,3
recovery,3
alliance,3
nicely,3
crammed,3
performing,3
rationally,3
witness,3
whispering,3
custom,3
mildness,3
bordering,3
links,3
threeandtwenty,3
obeisance,3
dressing,3
admires,3
ascended,3
talents,3
conceive,3
angel,3
irritation,3
transactions,3
unassuming,3
detained,3
tickets,3
faulty,3
guessed,3
lot,3
pen,3
contrive,3
banish,3
stopping,3
la,3
millers,3
official,3
misunderstood,3
thoughtless,3
missed,3
resolutely,3
accidental,3
discharged,3
conditions,3
shock,3
proprietor,3
dialogue,3
fret,3
forbid,3
significant,3
paragraphs,3
1e7,3
dawson,3
elevation,3
slowly,3
constantly,3
building,3
built,3
throughout,3
unconcern,3
odious,3
contentment,3
admirer,3
struggles,3
composition,3
opposition,3
openness,3
georgianas,3
fellows,3
noisy,3
lottery,3
steadily,3
exclamations,3
unluckily,3
annesley,3
easiness,3
suited,3
bit,3
quickness,3
royalty,3
1e9,3
reprehensible,3
despise,3
purchased,3
indirect,3
search,3
green,3
assume,3
needless,3
defer,3
article,3
owned,3
review,3
settling,3
donate,3
payments,3
restrictions,3
email,3
ordinary,3
denial,3
ride,3
travellers,3
relative,3
belong,3
regarded,3
determination,3
anywhere,3
dependent,3
learned,3
destroyed,3
northern,3
contact,3
3,3
affect,3
_have_,3
blaming,3
accounts,3
limitation,3
noi,3
changing,3
deeper,3
_and,3
vulgar,3
vulgarity,3
overspread,3
accordance,2
90,2
_us_,2
xlix,2
hearty,2
computer,2
damage,2
communications,2
break,2
arranged,2
consulting,2
similarity,2
xliv,2
xlvi,2
abuse,2
specified,2
principles,2
the_,2
intend,2
mountains,2
generality,2
subsisting,2
forgetting,2
comparative,2
awful,2
indignity,2
worn,2
noon,2
shyness,2
struggled,2
rallied,2
bearing,2
possessor,2
panegyric,2
precipitance,2
careless,2
imaginable,2
leaves,2
rapidly,2
convey,2
rattle,2
absurdities,2
jokes,2
protest,2
restrained,2
cutting,2
eighteenth,2
century,2
praises,2
january,2
rule,2
gratify,2
sigh,2
involuntarily,2
discern,2
reel,2
despising,2
depending,2
deceitful,2
carelessness,2
paling,2
boundary,2
pales,2
neatness,2
miraculous,2
meantime,2
planning,2
holding,2
duplicity,2
vexatious,2
breathless,2
fronted,2
shameful,2
departed,2
bordered,2
include,2
another_,2
commendations,2
evenness,2
meditate,2
ornaments,2
edge,2
stout,2
ensued,2
unaffectedly,2
signal,2
portraits,2
co,2
tooks,2
chancery,2
toilette,2
unreasonably,2
selfconsequence,2
dinners,2
abruptly,2
marias,2
rough,2
sisterinlaw,2
poetry,2
ruskin,2
laughingly,2
charmingly,2
goodbye,2
march,2
correspondent,2
foreseen,2
cheerfully,2
accounted,2
reproached,2
chiswick,2
presscharles,2
whittingham,2
distinguish,2
negligence,2
trespass,2
gaily,2
anecdote,2
fireplace,2
indisposed,2
familiarly,2
older,2
neglected,2
strenuously,2
expressive,2
envied,2
informing,2
articles,2
satire,2
acknowledgments,2
resolve,2
pitiful,2
intricate,2
estimable,2
edged,2
sheltered,2
lodges,2
stretch,2
volume,2
yawn,2
involve,2
wiser,2
weddingday,2
reluctant,2
comfortably,2
wretchedness,2
housemaid,2
practises,2
_does_,2
consists,2
minuteness,2
avoidance,2
tones,2
glaring,2
cast,2
bye,2
disclaim,2
amendment,2
desiring,2
doorbell,2
pursued,2
exhausted,2
daresay,2
paltry,2
derived,2
acquiescence,2
soup,2
refreshing,2
awake,2
narrowly,2
affording,2
comparing,2
reputed,2
employ,2
bears,2
joness,2
jones,2
ramble,2
painter,2
term,2
range,2
yesif,2
fashions,2
grievances,2
inattentive,2
substantial,2
bitter,2
_near_,2
varying,2
smilingly,2
behaves,2
illqualified,2
inattention,2
cardtable,2
sadly,2
ruined,2
wound,2
mistakes,2
condemned,2
warehouses,2
laughter,2
whims,2
subsisted,2
disposal,2
price,2
lasting,2
eminent,2
paint,2
captivating,2
partly,2
governed,2
loo,2
singular,2
periods,2
executed,2
failure,2
charing,2
liking,2
disappoint,2
befall,2
presume,2
resentful,2
canvassed,2
model,2
laying,2
obstacles,2
wounding,2
persist,2
british,2
differences,2
obvious,2
distinctly,2
mannish,2
perplexity,2
exasperate,2
suffering,2
mirth,2
eighteenthcentury,2
exhibited,2
enable,2
adventure,2
representing,2
conquer,2
duration,2
hide,2
apprehended,2
pressed,2
positively,2
intruding,2
intentionally,2
cheapside,2
indulged,2
inflict,2
sufferings,2
remembering,2
repressed,2
ardently,2
convert,2
consented,2
acquaint,2
attracted,2
sign,2
inconsistency,2
unaccountable,2
fantastic,2
limits,2
distinguishing,2
kinder,2
founded,2
_was_,2
beloved,2
involving,2
restored,2
brilliancy,2
favourably,2
guided,2
confirming,2
characteristics,2
embracing,2
borrow,2
exceeded,2
feverish,2
_for,2
realism,2
immovable,2
painfully,2
draughts,2
symptoms,2
testified,2
acute,2
observer,2
existing,2
threadbare,2
goes,2
crossing,2
springing,2
weary,2
ancles,2
gates,2
continuing,2
glimpse,2
instinctively,2
dated,2
inspired,2
m,2
headache,2
conducted,2
yourselves,2
despite,2
working,2
_far,2
pleases,2
slave,2
inclinations,2
unavailing,2
suppressed,2
liberally,2
rise,2
strokes,2
build,2
dirt,2
discharge,2
farm,2
stirring,2
coffeecup,2
pecuniary,2
idleness,2
obtruded,2
anticipating,2
boasted,2
bitterly,2
inheriting,2
doubts,2
stated,2
lizzie,2
unwell,2
wet,2
previously,2
impressed,2
thackeray,2
nowhere,2
horseback,2
theirs,2
detection,2
revealed,2
testimony,2
incensed,2
dishonourable,2
recurring,2
easter,2
illused,2
concealment,2
accused,2
atone,2
applies,2
authors,2
discharging,2
rapturous,2
novel,2
pathetic,2
humorous,2
faultless,2
defined,2
welland,2
smart,2
sparkled,2
compassionate,2
retained,2
stating,2
incomprehensible,2
olive,2
sennight,2
worthless,2
effusions,2
collect,2
pausing,2
alas,2
oppressed,2
discredit,2
collecting,2
recalled,2
weighed,2
hundreds,2
blameless,2
scrupled,2
unfelt,2
spoiled,2
meanness,2
portrait,2
ample,2
depressed,2
unfit,2
discourage,2
elapsed,2
tranquil,2
fonder,2
moderation,2
fainter,2
deficiency,2
supplied,2
violation,2
action,2
pair,2
motherinlaw,2
abide,2
improper,2
studied,2
unjustly,2
remedy,2
wondering,2
scarlet,2
fiveandtwenty,2
prior,2
vent,2
humiliation,2
courted,2
merited,2
affronted,2
prevailing,2
cleared,2
development,2
morality,2
selfishness,2
gowns,2
exerted,2
unsuitable,2
gift,2
graces,2
precipitate,2
praised,2
worldly,2
humiliating,2
doubting,2
excel,2
archly,2
resistance,2
accosted,2
regretting,2
parcels,2
novelist,2
avail,2
speedy,2
concurrence,2
meditated,2
crying,2
commanded,2
exert,2
restrain,2
irritable,2
pratt,2
additions,2
pleasantest,2
preservative,2
dutifully,2
exercising,2
longing,2
punctuality,2
ours,2
abused,2
ugly,2
artfully,2
satin,2
disadvantages,2
requested,2
shake,2
handsomely,2
irksome,2
suggest,2
stands,2
shaking,2
marks,2
eloquent,2
elevated,2
coarseness,2
kittys,2
cant,2
charged,2
exaggeration,2
overbearing,2
forsters,2
harriet,2
unhappiness,2
breath,2
earls,2
stroke,2
wickedness,2
subtle,2
presented,2
joyful,2
calculate,2
expedient,2
convention,2
pretended,2
scotch,2
exclusion,2
polished,2
societies,2
sharp,2
mouth,2
grief,2
arranging,2
slyness,2
solicitation,2
courtship,2
pure,2
vindication,2
teased,2
performers,2
abusive,2
prejudices,2
dreadfully,2
vague,2
suppress,2
checking,2
repaid,2
maintaining,2
assented,2
begging,2
brightest,2
suspecting,2
survivor,2
detected,2
rapture,2
flew,2
repining,2
fate,2
partake,2
injurious,2
manager,2
ascertain,2
flirtation,2
attraction,2
rage,2
leads,2
grand,2
ingenuity,2
alike,2
pages,2
advantageous,2
instruction,2
backgammon,2
independent,2
temptations,2
exposed,2
aloof,2
weaknesses,2
dark,2
passage,2
confiding,2
footing,2
gradual,2
apologized,2
censured,2
prey,2
gay,2
nine,2
detailed,2
consoled,2
renewing,2
appetite,2
enabled,2
impose,2
adieus,2
conjugal,2
vanished,2
arrive,2
guidance,2
originally,2
counteracted,2
consequential,2
gaieties,2
serve,2
improves,2
essentials,2
accents,2
misconduct,2
fixing,2
_never_,2
_right_,2
solidity,2
failing,2
prone,2
parasol,2
reconciliation,2
comprised,2
grosvenor,2
pack,2
bottle,2
retailing,2
rightly,2
brain,2
begun,2
uniform,2
personages,2
notable,2
northward,2
celebrated,2
matlock,2
dovedale,2
rob,2
scenes,2
accompanying,2
double,2
covered,2
intently,2
passages,2
parsonagehouse,2
_know_,2
commencement,2
scattered,2
facts,2
scale,2
_but,2
although,2
doings,2
darcythat,2
finest,2
_yours_,2
soothe,2
lizzys,2
chambermaid,2
perturbation,2
somehow,2
stockings,2
generation,2
drab,2
cheap,2
apartments,2
peevish,2
discomposed,2
recall,2
pretence,2
fortunately,2
entreated,2
undoubted,2
abruptness,2
stone,2
twentyseven,2
robinson,2
woody,2
banks,2
originated,2
masterly,2
contributes,2
correct,2
resignation,2
requesting,2
inspection,2
simple,2
knighthood,2
market,2
occupy,2
deepest,2
spots,2
merits,2
landlord,2
sittingroom,2
shy,2
loudly,2
awed,2
excess,2
deserving,2
unconcerned,2
caring,2
youand,2
effusion,2
triumphant,2
accustomed,2
slow,2
reproofs,2
brink,2
stiffness,2
disgusting,2
reference,2
possessed,2
healthy,2
saloon,2
philipses,2
hot,2
delights,2
cheering,2
arrested,2
happening,2
bows,2
throwing,2
unfavourable,2
curricle,2
livery,2
firmest,2
missent,2
favours,2
turns,2
earnestness,2
gaiety,2
apologies,2
admiring,2
minor,2
variation,2
amount,2
manor,2
doubtful,2
fruits,2
forwarded,2
denoted,2
presuming,2
seized,2
gretna,2
everybodys,2
educated,2
contribute,2
conveyed,2
seats,2
around,2
describing,2
mansion,2
injure,2
recommending,2
suspicious,2
spoilt,2
memories,2
acquired,2
everywhere,2
w,2
b,2
anxiously,2
barnet,2
genuine,2
startled,2
_make_,2
a_,2
strictest,2
examine,2
creditable,2
interrupting,2
rejecting,2
exquisite,2
conjectured,2
propensity,2
hursts,2
fell,2
decisive,2
staircase,2
congratulated,2
apprehensions,2
precious,2
detain,2
updated,2
bright,2
thereby,2
file,2
counted,2
belongs,2
meets,2
type,2
lie,2
deliberately,2
cares,2
excuses,2
completed,2
loveliness,2
females,2
sanctioned,2
persisted,2
glass,2
intrude,2
meetings,2
termination,2
destitute,2
illnature,2
guilty,2
hackney,2
fourth,2
o,2
expeditiously,2
indolence,2
undo,2
annum,2
infancy,2
qualified,2
_here_,2
deserts,2
blinded,2
watchfulness,2
finery,2
rudeness,2
endless,2
apparently,2
moderate,2
gets,2
attacked,2
downstairs,2
embraced,2
alternate,2
plot,2
avoiding,2
qualifications,2
falls,2
selfreproach,2
hitherto,2
unprotected,2
decency,2
fare,2
dilatory,2
soul,2
disgracing,2
quarters,2
_heard_,2
plans,2
superiority,2
possesses,2
sanguine,2
fight,2
coldly,2
playful,2
regardless,2
fretfulness,2
liberality,2
spiritless,2
yielded,2
fairly,2
ere,2
daring,2
yesthe,2
amply,2
illusage,2
lifted,2
unjustifiable,2
condole,2
fluttered,2
fastidious,2
bred,2
injury,2
beheld,2
lagged,2
pocket,2
settlement,2
hates,2
hero,2
heroine,2
insipid,2
expressly,2
admitting,2
tempered,2
striving,2
essential,2
connect,2
impudent,2
sharpened,2
overhear,2
perfections,2
purport,2
singled,2
thirdly,2
induced,2
behave,2
fellowcreatures,2
descending,2
haggerston,2
circulation,2
tide,2
nasty,2
conversations,2
protection,2
disturbed,2
parade,2
transports,2
pledged,2
consulted,2
concisely,2
decent,2
consisted,2
della,2
cruscans,2
gouldings,2
revenge,2
unforgiving,2
godson,2
closest,2
audience,2
hastening,2
_insist_,2
mortal,2
permanent,2
regulars,2
generals,2
creditors,2
deferred,2
flying,2
quieted,2
diana,2
argemone,2
beatrix,2
barbara,2
impudence,2
tenants,2
relieve,2
malicious,2
station,2
commended,2
sensibly,2
prevail,2
guardian,2
detached,2
eating,2
whither,2
preparations,2
expressively,2
hereabouts,2
birds,2
distracted,2
vii,2
confidante,2
_little_,2
explicit,2
wishedfor,2
consequences,2
upper,2
wore,2
bold,2
compatible,2
duties,2
excused,2
owes,2
acquit,2
pauses,2
prosperous,2
breaking,2
players,2
gathered,2
x,2
60,2
ingenious,2
forty,2
derision,2
impenetrably,2
intimately,2
innocent,2
abominate,2
kissed,2
vi,2
ix,2
2,2
5,2
legally,2
neighbouring,2
sakes,2
_are_,2
pleasantry,2
veracity,2
triumphantly,2
indignant,2
fanny,2
crawford,2
assiduous,2
preservation,2
thoughtfulness,2
_then_,2
winking,2
wink,2
infinite,2
exceed,2
xvi,2
storm,2
familiarity,2
warmest,2
misrepresented,2
contradict,2
authoritative,2
class,2
noise,2
incessantly,2
west,2
insincere,2
maternal,2
sphere,2
explanations,2
penetration,2
concept,2
_in,2
_had,2
norris,2
_has,2
selfgratulation,2
christian,2
forgiveness,2
undergone,2
void,2
mount,2
extracts,2
xii,2
xiii,2
xiv,2
xv,2
dispute,2
guide,2
discouraged,2
discernment,2
disinclination,2
soliciting,2
disrespect,2
loose,2
sending,2
city,2
exclamation,2
forms,2
xviii,2
xx,2
xxi,2
protect,2
registered,2
printed,2
fretfully,2
circumspection,2
fortnights,2
xxii,2
xxiv,2
decline,2
tear,2
pieces,2
plead,2
maintained,2
neglecting,2
eltons,2
assisting,2
vivacity,2
obtaining,2
1c,2
1e,2
trial,2
suspended,2
conquest,2
trusting,2
modest,2
honours,2
xxx,2
cough,2
redistribution,2
title,2
release,2
reuse,2
promoting,2
xxxi,2
based,2
references,2
answerable,2
surmise,2
dwell,2
malice,2
them_,2
_i,2
xxxii,2
xxxiv,2
xxxvi,2
scolding,2
redistributing,2
intellectual,2
destroy,2
whatsoever,2
ecstasy,2
for_,2
_it,2
popular,2
cautioning,2
xl,2
vanilla,2
ascii,2
prominently,2
uncertain,2
discontented,2
domain,2
resentfully,2
assemblies,2
hypocritical,2
affirmative,2
widest,2
computers,2
exempt,2
surrounding,2
michaelmas,2
lxi,2
tiresome,2
_may_,2
wwwgutenbergorgdonate,2
warranty,2
costs,2
electronically,2
lvi,2
contributions,2
physical,2
obstinacy,2
discuss,2
thereupon,2
gain,2
indelicacy,2
directing,2
federal,2
_hauteur_,2
insure,2
puzzle,2
reports,2
breast,2
wandered,2
judging,2
appeal,2
detaining,2
newsletter,1
donation,1
methods,1
checks,1
professor,1
michael,1
s,1
hart,1
originator,1
lake,1
salt,1
1500,1
809,1
deductible,1
646221541,1
identification,1
ein,1
476,1
472,1
466,1
morris,1
rightful,1
revenue,1
internal,1
granted,1
tend,1
created_,1
_being,1
unappeasable,1
forgavethat,1
scenesdoes,1
occupies,1
_present_,1
compare,1
booksoh,1
locations,1
paperwork,1
50,1
charitable,1
charities,1
regulating,1
couples,1
angrily,1
implicit,1
suspend,1
constrained,1
exemption,1
patent,1
fondness,1
verdict,1
upbraiding,1
bewitching,1
darcybut,1
circles,1
emphasis,1
_retaining_,1
_making_,1
undertaken,1
sneer,1
oddities,1
transition,1
griefs,1
surmount,1
unheard,1
omitted,1
recommenced,1
proverb,1
_éclat_,1
posterity,1
amaze,1
taciturn,1
unsocial,1
byandby,1
believes,1
probity,1
unsubdued,1
coats,1
cluster,1
endurable,1
friday,1
proxy,1
shoeroses,1
succession,1
fairest,1
enemies,1
between_,1
votes,1
competent,1
majority,1
profit,1
dictates,1
kingdomprovided,1
clerical,1
clergy,1
regulate,1
laity,1
permit,1
scope,1
dissuade,1
_nephew_,1
withperhapsa,1
exultation,1
heighten,1
unacquainted,1
_conditionally_,1
animating,1
train,1
unworthily,1
unrestrained,1
eyeing,1
motion,1
prefaced,1
advances,1
habitual,1
_unhesitatingly,1
suffrages,1
bates,1
grace,1
perforce,1
timed,1
insteadher,1
it_,1
rehearsalscenes,1
pictured,1
been_,1
pointthat,1
cause_,1
contention,1
quintessential,1
eminently,1
venturing,1
archbishop,1
rebuke,1
dreading,1
unnecessarily,1
recreation,1
profess,1
xvii,1
dishes,1
losses,1
gracefully,1
pardonone,1
indeedit,1
invent,1
mannerone,1
treating,1
alienated,1
unkindness,1
consign,1
lastly,1
admirers,1
outandout,1
fewest,1
exhibit,1
signs,1
agonies,1
marys,1
stanzas,1
exhibiting,1
complaisancebut,1
revive,1
chicken,1
ham,1
yawning,1
matchless,1
scolded,1
inexpressible,1
audible,1
etiquette,1
brothervery,1
staredmany,1
testifying,1
omit,1
conciliatory,1
beneficial,1
tithes,1
devoting,1
derives,1
dictatorial,1
arrogant,1
misleads,1
selfdestined,1
regarding,1
shillings,1
thingsand,1
repulsed,1
manœuvre,1
allusions,1
goodnaturedly,1
arguing,1
perseveringly,1
ridiculing,1
halfwhisper,1
agreeableallowing,1
liberalminded,1
equals,1
conversible,1
sweettempered,1
reverting,1
trials,1
superintends,1
xix,1
eclipsed,1
settlements,1
pressingly,1
brotherly,1
_brotherly_,1
degenerate,1
_filial_,1
published,1
chawton,1
revised,1
twentyone,1
1796,1
guests,1
complimenting,1
languor,1
happyi,1
parental,1
inmates,1
childhood,1
withand,1
resentments,1
implacability,1
boasting,1
inhumanity,1
impulses,1
dishonesty,1
dishonestfor,1
superintendence,1
confidential,1
observances,1
orderly,1
mansfield,1
catastrophe,1
reckon,1
_own_,1
gentlewoman,1
footstoolthat,1
pools,1
hunsfordbetween,1
unasked,1
selecting,1
marryingand,1
dissemble,1
disservice,1
incessant,1
injunction,1
gathering,1
_to_,1
_of_,1
forfeited,1
conditional,1
itor,1
bequest,1
informality,1
redress,1
himi,1
thisthough,1
stoodthe,1
irritated,1
mea,1
bebut,1
disgraced,1
_is,1
bequeathed,1
professioni,1
_ought_,1
military,1
disapprove,1
gravelybut,1
altar,1
wave,1
cents,1
placewhich,1
inherit,1
inevitably,1
edmund,1
wickedly,1
theatrical,1
admittedly,1
proclaim,1
noit,1
incident,1
elaborate,1
distinct,1
topics,1
verily,1
truest,1
breathed,1
disregarded,1
godfather,1
revision,1
projection,1
vigorous,1
combination,1
1813,1
hesitating,1
demands,1
prizes,1
bets,1
talker,1
engrossing,1
muffin,1
illtempered,1
imposing,1
estimated,1
astonishand,1
myselffor,1
manifold,1
theseit,1
accusing,1
worlda,1
dawdled,1
coquetry,1
rivals,1
speaker,1
topic,1
dullest,1
commonest,1
rainy,1
port,1
breathing,1
stuffy,1
broadfaced,1
refusals,1
selfdeception,1
plainer,1
tormenting,1
devotees,1
enthralling,1
_relatively,1
difficulty_,1
persists,1
china,1
imitations,1
connects,1
théâtre,1
coup,1
rushworth,1
retrenched,1
retail,1
until,1
bashful,1
felicitations,1
interfering,1
threatened,1
coaxed,1
insists,1
rang,1
declares,1
improvements,1
digressions,1
housekeepers,1
chimneypiece,1
drawingrooms,1
gratification,1
resisted,1
vows,1
uproar,1
exalt,1
entreating,1
shopboy,1
fetched,1
seconding,1
hata,1
occupation,1
streetand,1
lieutenants,1
utterly,1
pointedly,1
tourfit,1
advent,1
passagesthe,1
denouement,1
defended,1
unwearying,1
doleful,1
corroborated,1
spokesman,1
riding,1
conversationa,1
fairfax,1
churchill,1
frank,1
inandout,1
hideandseek,1
unostentatious,1
tongues,1
undutiful,1
maintain,1
alland,1
york,1
seasonable,1
transferred,1
parody,1
burlesque,1
_obscure,1
entrain,1
and_,1
pavement,1
assents,1
nothings,1
prompt,1
_manner_,1
dismission,1
interpose,1
withdrawing,1
projected,1
sayshe,1
_younger_,1
complaisant,1
amid,1
flowing,1
hotpressed,1
selfimposed,1
cessation,1
folios,1
largest,1
nominally,1
incomparable,1
misunderstanding,1
intrigue,1
shorten,1
abatement,1
wordsi,1
contains,1
seniority,1
eligibility,1
atonementfor,1
amendsof,1
obsequiousness,1
mingling,1
veneration,1
treasured,1
donedone,1
elizabethand,1
mentionshe,1
_eldest_,1
prepossessionher,1
answerbut,1
inspires,1
hurts,1
deprive,1
beaux,1
abound,1
despair,1
crowd,1
hotel,1
selfconceit,1
subjection,1
universities,1
miserly,1
illiterate,1
comfortless,1
suddenness,1
highflown,1
completeness,1
_its,1
abbey,1
northanger,1
freshness,1
primacy,1
partisans,1
resume,1
upon_,1
playwright,1
allgrasping,1
aversion,1
transformation,1
naturalness,1
challenge,1
misleading,1
gaped,1
fordyces,1
suggestion,1
faintly,1
equivalent,1
disobliging,1
mature,1
deceiving,1
tells,1
achieving,1
intermarriage,1
thiswe,1
tries,1
suspects,1
expects,1
indulging,1
bewailed,1
janites,1
austenians,1
choiceof,1
unusually,1
sectfairly,1
desponding,1
antagonist,1
importune,1
amazes,1
stamp,1
bid,1
hire,1
richard,1
talks,1
monotonous,1
appearances,1
ofits,1
unstudied,1
suggesting,1
duchess,1
ornament,1
prevents,1
circulating,1
94,1
feb,1
ht,1
dose,1
teatime,1
resolute,1
conception,1
lamenting,1
resides,1
loosenesses,1
hampered,1
pit,1
characterscheme,1
footlights,1
garish,1
startling,1
situations,1
superintended,1
favoured,1
waived,1
awaited,1
diffident,1
feet,1
hasten,1
pool,1
discourses,1
graciously,1
ranksuch,1
shine,1
constitution,1
heiress,1
closets,1
shelves,1
herselfsome,1
vouchsafed,1
alterations,1
out_,1
_coming,1
overjoyed,1
condescends,1
regained,1
bounds,1
rated,1
kitchen,1
critics,1
heretical,1
stage_,1
conveniences,1
disguised,1
cook,1
asperity,1
leavetaking,1
publish,1
evade,1
welleducated,1
reckoned,1
reflecting,1
xxiii,1
pang,1
sacrificed,1
cookery,1
consciouslyto,1
gracesappreciably,1
mar,1
gifts,1
sets,1
choicest,1
hardship,1
strangeness,1
firmness,1
procure,1
calmly,1
deduced,1
inferences,1
fourthly,1
disbelieving,1
confirm,1
forbearing,1
goodbreeding,1
allude,1
oddly,1
quarrelled,1
hearers,1
fame,1
heavylooking,1
courtier,1
boisterously,1
matterto,1
emotions,1
servility,1
reverse,1
oddity,1
parishioners,1
burying,1
christening,1
atonement,1
indulgent,1
conscientious,1
folded,1
peacemaking,1
wellwisher,1
wear,1
appease,1
barbarously,1
troublesome,1
unanswerable,1
prompted,1
twelvemonths,1
counting,1
respectful,1
18th,1
injuring,1
commendable,1
overtures,1
rectitude,1
subsist,1
mutually,1
sour,1
retort,1
envying,1
disrespectful,1
concealing,1
overpowering,1
stability,1
destructive,1
indifferentbut,1
fearnot,1
murmurs,1
establish,1
instituted,1
facultieswould,1
rarest,1
dialogueperhaps,1
consummate,1
excelled,1
badlybuilt,1
complained,1
successor,1
agony,1
voice_,1
_whenever,1
lovemaking,1
ultracritical,1
ceremonies,1
rites,1
demean,1
rectory,1
beneficence,1
bounty,1
ordination,1
bennetmy,1
variancethere,1
predict,1
rail,1
hardest,1
explainedabout,1
put_,1
ability,1
pebbles,1
puppets,1
heal,1
disagreement,1
october_,1
_15th,1
westerham,1
filial,1
iniquitous,1
joyfully,1
disinterestedness,1
whitman,1
_walt,1
thomson_,1
_hugh,1
inscribed_,1
thereforei,1
butgood,1
thisyou,1
janeyou,1
hinted,1
flogged,1
bass,1
laconic,1
designing,1
inmate,1
fewer,1
himnothing,1
herthat,1
needlessly,1
conscientiously,1
adhered,1
thorpe,1
charactercreationmasterpieces,1
faculty,1
masterpieces,1
crushing,1
influencing,1
elevate,1
encroaching,1
disclaimed,1
angelic,1
scheming,1
attributing,1
designedly,1
deceives,1
circumspect,1
person_,1
_that,1
resolvednor,1
species,1
apprehend,1
easier,1
propitious,1
waking,1
marries,1
narrowminded,1
confirms,1
jilt,1
outdone,1
statement,1
transient,1
mistakenor,1
unnaturally,1
position,1
_laugh_,1
masculine,1
element,1
feminine,1
count,1
genus,1
conjunction,1
displease,1
impute,1
allowances,1
pleaded,1
mild,1
extenuating,1
unreserve,1
recommendations,1
perverse,1
dispelling,1
implacable,1
puffed,1
vices,1
pretension,1
regulation,1
mindpride,1
pridewhere,1
creditably,1
indefinite,1
hackneyed,1
inconstancies,1
forgets,1
separates,1
sleeves,1
thwarted,1
artful,1
newest,1
precisely,1
divert,1
inconsistencies,1
actionsmay,1
mennay,1
hug,1
alleviated,1
correspond,1
stirs,1
impurities,1
cleanse,1
ablution,1
custody,1
serviceand,1
essence,1
himlaugh,1
persevered,1
surest,1
meaningand,1
interfere,1
choosing,1
was_,1
_violent,1
bestowing,1
inexhaustible,1
fresher,1
dozen,1
attitude,1
desperation,1
studious,1
inflexibly,1
aimed,1
process,1
tedious,1
insufferably,1
nicholls,1
combated,1
successfully,1
reanimated,1
isyou,1
tires,1
win,1
rings,1
bracelets,1
sofas,1
petition,1
cardtablebut,1
yawned,1
qualitydemureness,1
subdivisions,1
warned,1
xxvi,1
lad,1
delighting,1
tribute,1
grouped,1
avenue,1
eyelashes,1
greatuncle,1
corner,1
diffuseness,1
congratulation,1
accuracy,1
xi,1
rambled,1
_wished_,1
parteda,1
_remind_,1
forfeit,1
mei,1
sawand,1
j,1
_to,1
smollett,1
boisterousness,1
savagery,1
grossly,1
unamiable,1
inhuman,1
cure,1
compass,1
roads,1
surrounded,1
slacken,1
bridegroom,1
foresaw,1
picturesque,1
acquisition,1
watchful,1
subsided,1
duped,1
invariable,1
harshly,1
deservedly,1
singling,1
disliking,1
bewitched,1
archness,1
triumphing,1
shortness,1
inventing,1
carr,1
comyns,1
distractedly,1
effectual,1
elevating,1
oni,1
relinquish,1
premeditated,1
cheating,1
overthrowing,1
seize,1
songs,1
italian,1
musicbooks,1
sang,1
negatived,1
clearsighted,1
rendering,1
practical,1
ferocious,1
emptyheaded,1
fellowtravellers,1
coincide,1
everybodywould,1
hertheir,1
reminding,1
smoothly,1
peep,1
uncompanionable,1
weakened,1
february,1
diversified,1
xxvii,1
defection,1
bustle,1
troop,1
healthful,1
twentyfour,1
appertain,1
precision,1
arrange,1
argued,1
disputes,1
expostulation,1
roasting,1
ruthless,1
insatiable,1
wellmannered,1
burney,1
predecessor,1
nowhy,1
grandfathers,1
avarice,1
matrimonial,1
occurs,1
requester,1
_persuasion_,1
readilyeasilyto,1
matterdarcy,1
adhering,1
atoned,1
rashness,1
desertion,1
occurring,1
theatres,1
shopping,1
accurate,1
transport,1
rocks,1
spleen,1
vigour,1
flat,1
converting,1
shrunk,1
nineteenth,1
push,1
goand,1
rapturously,1
savours,1
herselfsense,1
decorums,1
allowable,1
disarm,1
correspondents,1
blots,1
ityou,1
mounting,1
celerity,1
undone,1
laudable,1
imperfection,1
prized,1
xxviii,1
_our_,1
imaginations,1
jumbled,1
rivers,1
gonewe,1
neat,1
glory,1
ostentatious,1
writes,1
syllables,1
grantleys,1
harp,1
youbut,1
pens,1
unison,1
nods,1
arriving,1
hedge,1
laurel,1
sloping,1
discernible,1
gusto,1
describes,1
_who,1
needlework,1
regularly,1
ensuing,1
consistency,1
meadows,1
clump,1
fields,1
healthfulness,1
cultivation,1
stroll,1
fender,1
sideboard,1
repentance,1
ear,1
wind,1
pigs,1
landingplace,1
interruptions,1
tenour,1
anticipate,1
guiding,1
chamber,1
handwriting,1
perpetual,1
fourteen,1
damsel,1
_letterthat,1
blindmansbuff,1
innocence,1
restthere,1
apparel,1
separating,1
overpower,1
instructing,1
acquire,1
xxix,1
bowing,1
doorway,1
piquet,1
messages,1
invalid,1
eyes_,1
_fine,1
witticisms,1
yesit,1
antechamber,1
trepidation,1
stateliness,1
glazing,1
enumeration,1
inspire,1
greatgrandmother,1
ladylike,1
_mightilymight,1
spectators,1
your_,1
mentor,1
assures,1
shapely,1
objected,1
simply,1
carved,1
bottom,1
foretold,1
plate,1
insignificant,1
deportment,1
conciliating,1
stronglymarked,1
animal,1
wellgrown,1
graciousness,1
troubling,1
tremble,1
starve,1
sonnet,1
nourishes,1
saintsbury,1
34_,1
_chap,1
letters_,1
_reading,1
_food_,1
efficacy,1
verses,1
falsification,1
gratuitous,1
misused,1
cynical,1
selfdeceiving,1
musgroves,1
touches,1
echo,1
shops,1
victory,1
alter,1
webbs,1
thensome,1
entailing,1
maiden,1
dictating,1
cows,1
instructed,1
regulated,1
controverted,1
delivering,1
bourghthe,1
thomson,1
hugh,1
superlatively,1
cassino,1
oneandtwenty,1
suretherefore,1
pope,1
finds,1
metcalfes,1
supplying,1
janeone,1
_very_,1
mincepies,1
bingleyis,1
fourandtwenty,1
neighbourhoods,1
mistook,1
blushing,1
cottagers,1
minutest,1
magistrate,1
joints,1
livings,1
unfrequently,1
sized,1
backwards,1
gig,1
possessing,1
costing,1
thankfulness,1
played,1
anecdotes,1
storing,1
speakingstating,1
quarrelsome,1
yesi,1
lease,1
exception,1
suffers,1
profuse,1
unvarying,1
_most_,1
studier,1
beif,1
identical,1
hells,1
perception,1
oblique,1
invective,1
snarling,1
proficient,1
conversed,1
easterday,1
courtesied,1
illness,1
artist_,1
immensely,1
dissecting,1
epicurean,1
cynic,1
paradise,1
counterpart,1
plenty,1
harmony,1
scold,1
sallied,1
rises,1
stubbornness,1
frighten,1
arch,1
illbreeding,1
nobodys,1
jenkinsons,1
practise,1
duets,1
solaced,1
physicians,1
despicable,1
cunning,1
captivation,1
condescend,1
proficiency,1
goldwin,1
undervaluing,1
practised,1
amiss,1
practising,1
faultbecause,1
womens,1
scarce,1
balland,1
thenbut,1
retaliate,1
toofor,1
impolitic,1
hertfordshireand,1
professing,1
intimidate,1
didand,1
_when_,1
emergency,1
halffinished,1
mixing,1
performer,1
annes,1
fingering,1
device,1
succeeds,1
narrowness,1
combined,1
perfection,1
depicting,1
metaphor,1
smith,1
conciseand,1
colder,1
newspaper,1
local,1
_half_,1
journeysand,1
unimportant,1
capacity,1
_any_,1
_only_,1
languages,1
surpass,1
assistant,1
_advantages_,1
prudential,1
understandingthough,1
questionsabout,1
penance,1
haunt,1
mischance,1
xxxiii,1
counterbalance,1
vanish,1
gaze,1
steadfast,1
disputable,1
choicea,1
softness,1
separately,1
nearness,1
billiard,1
sports,1
hardships,1
questionsand,1
earl,1
inured,1
feelingly,1
arranges,1
forcing,1
reperusing,1
halfadozen,1
memling,1
restricted,1
purse,1
netting,1
purses,1
net,1
imply,1
drilymr,1
manhe,1
creatures,1
tractable,1
screens,1
cover,1
amazing,1
painted,1
littleness,1
cosmic,1
microcosm,1
cosway,1
meissonier,1
painting,1
taller,1
sons,1
causehis,1
mislead,1
boundless,1
exist,1
jestingly,1
lessening,1
imitation,1
possibilities,1
sell,1
buying,1
yourselfyou,1
thoughtful,1
swelling,1
scrape,1
inconveniences,1
prodigious,1
complaint,1
publisher,1
internet,1
images,1
retaining,1
lying,1
nursing,1
paste,1
fiveshe,1
writingone,1
despises,1
asleep,1
peculiarities,1
objectionall,1
inflicted,1
causeof,1
jot,1
fill,1
girland,1
bennetshe,1
brightened,1
countrytown,1
german,1
metaphysics,1
coleridge,1
ballad,1
mountain,1
scott,1
seventiesindependently,1
decadethat,1
characterize,1
revival,1
mud,1
disturbance,1
leaning,1
overcoming,1
cannoti,1
_feel_,1
unequally,1
_spoke_,1
subsequent,1
deeplyrooted,1
degradation,1
imputing,1
keener,1
conveying,1
clouded,1
assent,1
acutest,1
instability,1
dividing,1
ruining,1
provocations,1
insulting,1
_endeavour_,1
attained,1
struggling,1
sister_,1
_your,1
kid,1
pierce,1
shell,1
classical,1
chip,1
denying,1
assumed,1
remorse,1
poured,1
halfpast,1
wollstonecraft,1
gravest,1
inches,1
blowzy,1
untidy,1
scampering,1
indeeda,1
ragout,1
indolent,1
intruder,1
unmoved,1
impelled,1
policy,1
honest,1
calculation,1
desert,1
poverty,1
viii,1
thankfully,1
clock,1
ached,1
povertycomparative,1
infliction,1
contemptuouslyyes,1
misrepresentation,1
conciliate,1
noticing,1
agitating,1
acknowledging,1
shameless,1
groundwork,1
arrogance,1
fullest,1
patient,1
idealism,1
one_,1
beside,1
slept,1
impressing,1
mingled,1
connectionsto,1
unalloyed,1
unqualified,1
turnpike,1
glowing,1
puddles,1
stiles,1
jumping,1
pace,1
wives,1
justifying,1
politenessthere,1
laboriously,1
maupassant,1
frenchman,1
deadalive,1
meditations,1
awoke,1
xxxv,1
severity,1
growth,1
depravity,1
wantonly,1
blasted,1
sisterand,1
magnitude,1
formation,1
humbling,1
paining,1
sheets,1
strongest,1
plantation,1
stepping,1
retreating,1
verdure,1
influenced,1
decisions,1
investigations,1
misled,1
participation,1
scrutiny,1
janewhich,1
unforced,1
trivial,1
myriad,1
twothirds,1
discarding,1
horsewoman,1
stays,1
colds,1
undecided,1
staggered,1
remonstrance,1
enforced,1
wentand,1
detaching,1
coincidence,1
dieit,1
illnessif,1
dangerous,1
throat,1
sore,1
meand,1
jonestherefore,1
meit,1
fatherpardon,1
repugnance,1
advancement,1
unfolding,1
painto,1
propensities,1
vicious,1
cambridge,1
summon,1
_particularly_,1
refute,1
accusation,1
weighty,1
themwith,1
unknowingly,1
extinguished,1
seconded,1
ultimately,1
unprofitable,1
dissipation,1
dissolved,1
accede,1
therein,1
breadth,1
swifttaller,1
back_,1
stirred,1
_mrs,1
know_,1
superfluous,1
magic,1
rained,1
extort,1
legacy,1
narrative,1
revenging,1
unquestionably,1
exposure,1
grieving,1
aid,1
connivance,1
presided,1
junior,1
unfold,1
reproaches,1
circumstancesand,1
resisting,1
revered,1
questionof,1
ordained,1
insolence,1
penitent,1
comprehension,1
contrariety,1
valueless,1
unavoidably,1
executors,1
ineffable,1
immortal,1
swiftian,1
_this,1
others_,1
outspoken,1
halfreluctant,1
nailwhich,1
henceforth,1
therealive,1
_was,1
resigning,1
reread,1
perturbed,1
falsehoodand,1
grossest,1
definition,1
himselfher,1
hating,1
footman,1
clarkes,1
watsons,1
overthrow,1
clearer,1
wickhamwhen,1
rescue,1
trait,1
profligacy,1
statementbut,1
impartialitydeliberated,1
differ,1
coincided,1
anybodys,1
slightingly,1
philosophers,1
semimetals,1
metals,1
archbishops,1
ministers,1
prime,1
imperishable,1
hatefully,1
avoided,1
corroboration,1
hazarded,1
himselffrom,1
referred,1
mess,1
place_,1
really_,1
silliest,1
ensign,1
productive,1
social,1
befriended,1
casual,1
predominance,1
irreligious,1
unjustanything,1
unprincipled,1
waysseen,1
latterly,1
acquaintancean,1
repulsive,1
affairthat,1
blamelessness,1
asserted,1
justification,1
struggle,1
lingering,1
incautiously,1
grasp,1
mediocrity,1
soothed,1
fervent,1
unsuspicious,1
prepossession,1
wretchedly,1
prided,1
despicably,1
prejudiced,1
headquarters,1
bare,1
milliners,1
clerk,1
feelingthat,1
valuedthat,1
habitsthat,1
immoral,1
missing,1
_affect_,1
repressing,1
reconciling,1
probabilities,1
reconsidering,1
underbreeding,1
dashwood,1
unsuccessful,1
draught,1
nonexistent,1
rash,1
male,1
heirs,1
default,1
selfattracted,1
bromley,1
manservant,1
discreditable,1
menservants,1
barouchebox,1
flowed,1
jumps,1
intrepidity,1
inspiring,1
strictures,1
_month_,1
increases,1
acutelymore,1
diminution,1
importing,1
xxxvii,1
nothingness,1
noisethe,1
insipidity,1
packing,1
indecorum,1
replete,1
implicitness,1
restoring,1
selfwilled,1
weakspirited,1
giddiness,1
chagrin,1
heavier,1
repent,1
upbraided,1
necessarywhich,1
disagreeably,1
unpleasantly,1
domestics,1
indispensably,1
deemed,1
xxxviii,1
afresh,1
trunk,1
receives,1
materialism,1
grovelling,1
pettiness,1
hidebound,1
wellmeaning,1
philistinism,1
gigantic,1
revealing,1
drinking,1
consternation,1
commissioning,1
fastened,1
trunks,1
sprang,1
annoyed,1
mannerin,1
reverie,1
dislikes,1
firmly,1
unfortunatebut,1
sentences,1
sharers,1
abiding,1
purchaseslook,1
lend,1
affords,1
larder,1
welcoming,1
cucumber,1
salad,1
sentinel,1
milliner,1
coachmans,1
token,1
appointed,1
xxxix,1
indecision,1
conquered,1
astonish,1
campful,1
delicious,1
encamped,1
wears,1
trim,1
prettiercoloured,1
uglier,1
adjusted,1
creatress,1
satisfactorily,1
true_,1
historically,1
reality,1
inestimable,1
gallant,1
pull,1
purchases,1
workbags,1
boxes,1
harboured,1
_sentiment_,1
_expression_,1
freckled,1
_could_,1
straws,1
liverpool,1
kingtheres,1
chin,1
hears,1
monthly,1
overset,1
soldiers,1
histories,1
ladyonly,1
chamberlayne,1
harringtons,1
bythebye,1
inconsiderable,1
science,1
adept,1
performs,1
neglectful,1
selfcentred,1
savage,1
vogue,1
_chaperon_,1
snug,1
bandbox,1
equivocal,1
answers,1
congenial,1
depreciate,1
luncheon,1
nicest,1
refinements,1
airs,1
irish,1
concerto,1
pedantic,1
blinds,1
louder,1
doubly,1
undiminished,1
escaping,1
extorted,1
shifting,1
quantity,1
labour,1
mankind,1
race,1
swell,1
porridgeand,1
developing,1
marital,1
outoftheway,1
bountiful,1
withkeep,1
persevering,1
lessened,1
disheartened,1
undeserved,1
uncomfortablei,1
witty,1
stumbling,1
spur,1
musical,1
friendalways,1
helplessness,1
excusable,1
ironic,1
shot,1
irreclaimable,1
energetic,1
mismanagement,1
feather,1
profusion,1
crisis,1
manand,1
requisite,1
fervently,1
attachments,1
steadiness,1
mystery,1
encumbrance,1
disclosure,1
forbade,1
lurking,1
secrets,1
allayed,1
reestablish,1
hence,1
undeceive,1
woe,1
exclaim,1
hardheartedness,1
apace,1
drooping,1
xli,1
lawfully,1
outrun,1
defied,1
satirical,1
preferring,1
paces,1
atthat,1
kindin,1
consciously,1
utterances,1
everyones,1
restless,1
adoration,1
_three_,1
unaware,1
fashionable,1
asserting,1
symmetry,1
colossal,1
_may,1
that_,1
maunders,1
criticise,1
anew,1
resounding,1
seabathing,1
complaining,1
injuries,1
absurdity,1
youths,1
squeamish,1
beforehand,1
fiction,1
thrills,1
shocks,1
dispositions,1
improprieties,1
advising,1
detestable,1
deathwarrant,1
exciting,1
luckless,1
ofor,1
uncontrolled,1
ward,1
emptiness,1
meanest,1
commerce,1
vingtun,1
togetherand,1
_dined_,1
reasonableness,1
ridiculousa,1
pursuits,1
teaching,1
exuberant,1
mefor,1
volatility,1
glories,1
scores,1
tens,1
bathingplace,1
streets,1
creative,1
earthly,1
volubility,1
augment,1
unavoidable,1
vexations,1
content,1
lock,1
authorizing,1
degrees,1
threevery,1
agitations,1
realities,1
tent,1
dazzling,1
uniformity,1
beauteous,1
stretched,1
tents,1
endeavor,1
unerring,1
differentiated,1
horribly,1
exquisitely,1
glanced,1
in_,1
four_,1
conceals,1
shed,1
repress,1
forwarding,1
operated,1
adopted,1
alluding,1
cautiousness,1
foul,1
deter,1
gentlest,1
apprehensive,1
aught,1
gayer,1
sameness,1
detect,1
possibleadvice,1
injunctions,1
impressive,1
diffuse,1
weep,1
superciliousness,1
freelya,1
_begin_,1
dooming,1
leigh,1
appendices,1
traditional,1
text,1
unkind,1
ages,1
intellect,1
repinings,1
enlarging,1
talentstalents,1
philosopher,1
contributed,1
sins,1
scapegoat,1
criminal,1
clerks,1
foxhounds,1
enjoyments,1
tastes,1
illiberal,1
captivated,1
xlii,1
clamorous,1
querulous,1
reappear,1
warded,1
realized,1
ceaseless,1
discontentedness,1
anticipation,1
synonymously,1
selfcomplacency,1
cherish,1
piqued,1
wateringplace,1
hardened,1
disturbers,1
regain,1
dulness,1
impunity,1
satisfiedand,1
peak,1
chatsworth,1
hack,1
achieve,1
exigencies,1
draws,1
regards,1
extend,1
fordycebelectured,1
substitute,1
july,1
curtailed,1
war,1
tearsan,1
curtains,1
carpets,1
birmingham,1
kenilworth,1
warwick,1
blenheim,1
layoxford,1
disappointments,1
pleasureand,1
enhance,1
inconveniencescheerfulness,1
certainthat,1
wayteaching,1
doubled,1
spars,1
petrified,1
lowest,1
xliii,1
alarms,1
unfavourably,1
resource,1
illtreatment,1
_tolerable_,1
egregious,1
comment,1
entail_,1
mating,1
overhearings,1
ifbut,1
acquiesce,1
furnished,1
richly,1
swelled,1
ridge,1
backed,1
indeedthat,1
prettiest,1
_which_,1
robinsons,1
whatsomething,1
itbut,1
_did_i,1
herindeed,1
selfcommand,1
courteous,1
eminence,1
top,1
stretching,1
otherabout,1
masterand,1
recollectionit,1
splendour,1
finewith,1
uselessly,1
gaudy,1
lofty,1
positions,1
winding,1
crowned,1
surveying,1
wellproportioned,1
elderly,1
falsely,1
artificial,1
lightness,1
lobby,1
spacious,1
whispered,1
nowadays,1
dimensions,1
pictures,1
affable,1
himjust,1
generoushearted,1
goodtempered,1
communicativeness,1
hera,1
sings,1
plays,1
intimation,1
gardener,1
consigned,1
canvas,1
lifetime,1
herand,1
crayons,1
drawings,1
paintings,1
bedrooms,1
don,1
investing,1
dealing,1
farce,1
comedy,1
inoffensive,1
supercilious,1
strikingly,1
alighted,1
discrimination,1
distraction,1
sedateness,1
gardeners,1
elated,1
unshackled,1
denominated,1
mayoralty,1
risen,1
tilney,1
henry,1
abrupt,1
yards,1
stables,1
imitate,1
trout,1
windings,1
explore,1
coppicewood,1
glen,1
narrowest,1
hanging,1
circuit,1
overspreading,1
wander,1
appeals,1
mechanically,1
nobler,1
amazingbut,1
alteredwhat,1
juanish,1
prettier,1
waterplant,1
resuming,1
tackle,1
gloried,1
fortitude,1
sustained,1
_surprised_,1
decamping,1
stole,1
named,1
revolted,1
unprepared,1
construed,1
mischievously,1
embargo,1
housebut,1
outstripped,1
acceded,1
youmr,1
bakewell,1
unexpectedfor,1
inadequate,1
chanced,1
competitor,1
heroes,1
_darcy,1
dismissed_,1
tints,1
rascality,1
attractiveness,1
heads,1
newlyborn,1
acquainting,1
imparted,1
recognizing,1
discontinuance,1
satisfactions,1
environs,1
relied,1
naming,1
comprehends,1
flaming,1
whimsical,1
unbecoming,1
wellbehaved,1
slowlyand,1
overflowing,1
personage,1
discerning,1
unembarrassed,1
graceful,1
womanly,1
monosyllable,1
retreated,1
commonly,1
verior,1
causa,1
psychologically,1
pampered,1
objectors,1
enters,1
disquiet,1
imperfectly,1
indicated,1
recognized,1
untouched,1
construing,1
invitations,1
unbending,1
courting,1
outlived,1
temporary,1
unattended,1
26th,1
untinctured,1
interpretation,1
rival,1
prepossessed,1
scornful,1
pemberleyfor,1
unpleasing,1
ardent,1
gratitudefor,1
selves,1
peculiarity,1
indelicate,1
enemy,1
acrimony,1
petulance,1
gratitudegratitude,1
friendlier,1
repugnant,1
hatred,1
wellknown,1
intermediate,1
chestnuts,1
spanish,1
oaks,1
xlv,1
equalled,1
imitated,1
breakfastought,1
ductility,1
endeared,1
demeanour,1
delicately,1
_generous,1
hypothesi,1
ex,1
nature_,1
learning,1
predominate,1
deciding,1
peaches,1
nectarines,1
grapes,1
pyramids,1
cake,1
preside,1
tenant,1
remainder,1
inherited,1
brevity,1
employing,1
closely,1
agreeablelooking,1
nose,1
rejoined,1
tannedno,1
coarse,1
brown,1
criticisms,1
venting,1
discompose,1
refrained,1
involuntary,1
repel,1
vigorously,1
exerting,1
uppermost,1
sneering,1
unembarrasseda,1
candid,1
coherent,1
bewildered,1
finishing,1
indiscreet,1
yoube,1
fruit,1
mostly,1
husbandhunting,1
smarting,1
coxcomb,1
prig,1
nettled,1
selfsufficiency,1
shrewish,1
teeth,1
inns,1
turnpikes,1
hackneycoach,1
allegro,1
downwards,1
charm_,1
unregenerate,1
phenomenon,1
exposition,1
associating,1
seminaries,1
unassailed,1
pliancy,1
badbelongs,1
designto,1
ostentation,1
recently,1
1342,1
unintelligible,1
commissioned,1
trembled,1
knees,1
superseded,1
impetuous,1
losing,1
darting,1
rely,1
exigence,1
safest,1
kindest,1
successno,1
hatfield,1
httpwwwpgdpnet,1
team,1
proofreading,1
greif,1
chuck,1
credits,1
2024,1
censuring,1
apt,1
stupider,1
youngman,1
setdowns,1
chary,1
provokingly,1
29,1
october,1
bosom,1
consolatory,1
selfconquest,1
brow,1
meditation,1
noti,1
horrible,1
grievedshocked,1
onlysome,1
toshe,1
ofof,1
eloped,1
friendshas,1
indistinctly,1
commiseration,1
miserably,1
authorize,1
exchanged,1
promoted,1
sighed,1
varieties,1
contradictions,1
retrospective,1
calls,1
torment,1
handkerchief,1
swallowed,1
allsoon,1
lydiathe,1
engross,1
self,1
palliation,1
deranged,1
hometo,1
girloh,1
fluctuating,1
enduring,1
suiting,1
lace,1
dresses,1
venus,1
_division,1
allegra,1
_or_,1
sharpness,1
wordand,1
strongminded,1
cleveralmost,1
exceptionable,1
londonthey,1
thensupposing,1
traces,1
brightening,1
adequate,1
colonels,1
friendless,1
xlvii,1
shorter,1
notes,1
disclose,1
uswas,1
actuated,1
trembling,1
satisfying,1
itsusceptibility,1
greaterwhat,1
dispose,1
benefiting,1
forego,1
nothis,1
economically,1
abundant,1
ancle,1
sprained,1
gods,1
_boulanger_,1
sixth,1
fifth,1
climax,1
pertness,1
bodies,1
lighted,1
wearied,1
sleeping,1
travelled,1
forgetfulness,1
perceptible,1
ensue,1
deception,1
yesthat,1
unpretending,1
lies,1
libertywhich,1
insinuating,1
profligate,1
captivate,1
fugitives,1
filled,1
kiss,1
jumped,1
frisks,1
capers,1
obsoletenesses,1
merest,1
scratches,1
coarsely,1
stiltedly,1
overdone,1
illmanners,1
personality,1
illmannered,1
resents,1
flutterings,1
tremblings,1
wits,1
inthat,1
fighting,1
terrific,1
heres,1
overruled,1
illjudging,1
villainous,1
invectives,1
proceedings,1
deserted,1
youhow,1
motherhow,1
safety,1
irretrievable,1
lessonthat,1
balm,1
bosoms,1
pour,1
stem,1
incurred,1
household,1
unexceptionable,1
battle,1
quieter,1
wasting,1
catching,1
seclusion,1
beatings,1
spasms,1
faculties,1
hysterics,1
belonging,1
_scheme_,1
packed,1
slit,1
sally,1
tonight,1
pocketbook,1
uneasya,1
brains,1
sequel,1
availed,1
extractions,1
brittle,1
involves,1
negligent,1
xlviii,1
coachman,1
anyhow,1
remarked,1
postilions,1
insufferable,1
condolence,1
_still,1
world_,1
healthiest,1
aggravate,1
lets,1
_meant_,1
services,1
repose,1
disinclined,1
hotels,1
distrusted,1
wickedest,1
tradesmans,1
seduction,1
intrigues,1
tradesman,1
blacken,1
dispirited,1
irregularity,1
reporting,1
upthough,1
heartening,1
serviceable,1
duel,1
fortunes,1
apprehending,1
grievously,1
howsoever,1
enormity,1
licentiousness,1
informs,1
lamented,1
afflicting,1
alleviate,1
bitterest,1
sympathize,1
affliction,1
curiosities,1
clue,1
intimates,1
gamester,1
gaming,1
transpired,1
finances,1
heinous,1
reap,1
palpitated,1
magnificent,1
speechless,1
fearlessness,1
consist,1
scarcity,1
proudest,1
bully,1
augmented,1
condescendingly,1
threats,1
stir,1
prohibited,1
eastbourne,1
runs,1
canor,1
powdering,1
nightcap,1
drily,1
philosophic,1
sleepless,1
_that_though,1
lowness,1
halfexpectation,1
stage,1
brotherinlaws,1
2_,1
august,1
_monday,1
bringgood,1
panting,1
butler,1
_nothing,1
viraginous,1
nothing_,1
fascinating,1
naughty,1
forbidding,1
librarytheir,1
thence,1
concluding,1
cry,1
writingtable,1
consenting,1
requited,1
sixpence,1
clearing,1
farthing,1
knowone,1
passionate,1
outwardly,1
niceness,1
popularity,1
mien,1
andmay,1
edw,1
explicitly,1
diligence,1
annual,1
l,1
refuge,1
punch,1
bowl,1
airing,1
plentiful,1
dictated,1
cambric,1
calico,1
dictate,1
sounds,1
bei,1
fidgety,1
exuberance,1
preparation,1
welldoing,1
farmhouse,1
secluded,1
speed,1
proportionate,1
undertaking,1
board,1
loser,1
fulfil,1
acceding,1
proportions,1
exceeding,1
successively,1
rested,1
britain,1
survived,1
ashworth,1
stoke,1
haye,1
searching,1
muslins,1
attendants,1
damp,1
oppressively,1
mechanic,1
charmit,1
this_,1
frigid,1
chapters,1
goodlooking,1
assemblyroom,1
comforted,1
blow,1
shrink,1
scorned,1
impassable,1
gulf,1
individually,1
frailty,1
confidently,1
spreading,1
eloping,1
valid,1
inconceivable,1
guinea,1
admittance,1
attics,1
purvis,1
e,1
motheryours,1
begs,1
south,1
subjoin,1
payment,1
arrangements,1
ensigncy,1
passions,1
precluding,1
connubial,1
multitude,1
gladly,1
spurned,1
proudly,1
repented,1
forwards,1
stepped,1
decked,1
endure,1
culprit,1
bennetsand,1
li,1
mildly,1
residing,1
esmond,1
lavington,1
vernon,1
chronological,1
numbers,1
seven,1
starting,1
september,1
kill,1
elope,1
regretted,1
housemaids,1
frame,1
glove,1
goulding,1
overtook,1
replies,1
caused,1
demanding,1
fearless,1
unabashed,1
untamed,1
austerity,1
_shall_,1
cogent,1
itunless,1
seizing,1
noblest,1
burning,1
faithfully,1
theatre,1
foot,1
youll,1
breakfasted,1
sermon,1
fuss,1
eleven,1
clements,1
managed,1
devote,1
6_,1
_sept,1
benches,1
lii,1
ittill,1
stratagems,1
tricks,1
dedication,1
titlepage,1
frontispiece,1
saintsbury_,1
_george,1
elizabeth_,1
companionship,1
grant,1
battled,1
postponed,1
resign,1
expedite,1
insisted,1
corruption,1
bribery,1
edward,1
generously,1
confide,1
worthlessness,1
hunting,1
bothwickham,1
racked,1
comprise,1
foresee,1
exclude,1
_prudently_,1
admission,1
interest_,1
_another,1
_anybodys_,1
amounting,1
feathers,1
borrowed,1
ascertaining,1
crown,1
10,1
9,1
6,1
grain,1
sorely,1
biting,1
strangely,1
hadnot,1
overtaken,1
someones,1
himproud,1
saucy,1
revolt,1
considerations,1
bribe,1
supplication,1
attendant,1
obligationwere,1
matchwhich,1
uncertainty,1
p,1
butchers,1
latest,1
nichols,1
fidgets,1
forlorn,1
smirks,1
simpers,1
liii,1
compromised,1
palatable,1
sermonmaking,1
conditionally,1
good_,1
_as,1
kympton,1
silenced,1
speculation,1
hired,1
_with_,1
wavered,1
_myself_,1
ducks,1
31,1
27,1
26,1
tailpiece,1
24,1
22,1
18,1
15,1
12,1
secondhand,1
comingat,1
benefits,1
undervalued,1
explanatory,1
vow,1
darcyand,1
namethat,1
whats,1
lookedshe,1
windowshe,1
senthopeless,1
intervene,1
sufferer,1
thirteen,1
_etiquette_,1
errand,1
coveys,1
vastly,1
levelled,1
esq,1
courier,1
papers,1
changes,1
confusionsaid,1
dida,1
irremediable,1
contrasted,1
sedate,1
paler,1
unshaken,1
lustre,1
witnessing,1
confederacy,1
pouring,1
wearisome,1
enabling,1
ungraciousness,1
halflaughing,1
sanction,1
forbore,1
sportsmen,1
dines,1
deaden,1
liv,1
mindful,1
chatty,1
rekindled,1
compensation,1
cooks,1
french,1
partridges,1
haunch,1
fat,1
turnand,1
roasted,1
venison,1
unsuccessfully,1
rapacity,1
victim,1
scarborough,1
abhorrent,1
enraged,1
closer,1
vacancy,1
appointment,1
officiousness,1
ineffectual,1
premeditation,1
waste,1
innocently,1
sash,1
hang,1
forwarder,1
sarah,1
comemr,1
dressinggown,1
lv,1
instruct,1
mortifies,1
livedand,1
40,1
barbarous,1
petitioned,1
dispense,1
cheat,1
tempers,1
simpered,1
superexcellent,1
basis,1
cardparty,1
_hers_,1
hearth,1
counteract,1
invention,1
eccentric,1
communicative,1
confinement,1
preceded,1
equipage,1
luckiest,1
shift,1
forgiving,1
dupe,1
vex,1
detested,1
eluded,1
surmises,1
suppositions,1
barefaced,1
53,1
45,1
43,1
_foundation_,1
circulated,1
industriously,1
itif,1
contradicted,1
nephewmy,1
_you_that,1
trifled,1
waitingwoman,1
decentlooking,1
pronouncing,1
hermitage,1
wilderness,1
prettyish,1
puzzled,1
stiffly,1
brooking,1
dissuaded,1
interestforbid,1
prudencenay,1
completion,1
tacit,1
friendsto,1
unallied,1
cradles,1
thisthat,1
daughter_,1
_my,1
aspire,1
infatuation,1
allurements,1
retains,1
constitute,1
insulted,1
polluted,1
shades,1
earthof,1
patchedup,1
importuned,1
persuasions,1
intimidated,1
recede,1
upstart,1
themthe,1
respective,1
member,1
untitled,1
ancient,1
wavering,1
reasoning,1
solid,1
weakest,1
miseries,1
persisting,1
revolving,1
originate,1
lvii,1
finelooking,1
ambition,1
scorn,1
concernand,1
_were_,1
violated,1
obey,1
97,1
illustrious,1
presumed,1
advertised,1
followshaving,1
gossiping,1
sagacity,1
undetermined,1
instantaneous,1
rushed,1
consequent,1
dismay,1
appeased,1
obligingly,1
constancy,1
unblemished,1
pitched,1
darcy_,1
_mr,1
followswe,1
closure,1
incur,1
kindred,1
desiresplendid,1
land,1
36,1
iii,1
_am_,1
stoutly,1
acquaintances,1
surpassing,1
wishedthat,1
inducements,1
discovering,1
mortifications,1
unexampled,1
boldly,1
outstrip,1
lviii,1
_much_,1
hypocrisy,1
_missish_,1
olivebranch,1
declaring,1
hushed,1
speediest,1
termed,1
blemish,1
annexed,1
severest,1
premises,1
illfounded,1
_frankness_,1
frankly,1
irrevocably,1
contrariwise,1
emphatically,1
proving,1
diffused,1
heartfelt,1
fluently,1
unchanged,1
april,1
_family_,1
_wish_,1
benevolent,1
_child_,1
repelled,1
retrospections,1
charity,1
implies,1
unalterable,1
burnt,1
_soon_,1
hedid,1
devoid,1
tortured,1
inexpressibly,1
irreproachable,1
strictly,1
_dislike_,1
_felt_,1
_knew_,1
overflows,1
unacknowledged,1
unmarked,1
lix,1
forgiven,1
unabated,1
watches,1
busy,1
leisurely,1
blamed,1
lesson,1
loveliest,1
eightandtwenty,1
reconcile,1
test,1
disposing,1
filling,1
vehemence,1
wont,1
oakham,1
lanes,1
epithet,1
disturb,1
ashooting,1
_be_,1
questionare,1
certainforgive,1
doubtingly,1
joking,1
itnothing,1
jewels,1
pinmoney,1
fidget,1
backward,1
tranquilly,1
rant,1
95,1
89,1
87,1
84,1
78,1
75,1
69,1
67,1
adjusting,1
overrated,1
springs,1
much_,1
_too,1
exaggerate,1
mebut,1
therei,1
assiduously,1
mannersmy,1
withstood,1
lx,1
sonsinlaw,1
omen,1
licence,1
licenceyou,1
pleasedso,1
moralize,1
mix,1
ungovernable,1
darling,1
vicinity,1
unusual,1
relished,1
wellinformed,1
shield,1
shoulders,1
shrug,1
jewel,1
parading,1
blown,1
sends,1
detail,1
pollution,1
liberties,1
sportive,1
arrear,1
heretofore,1
retain,1
_talk_,1
bath,1
bills,1
heedless,1
congratulatory,1
ingratitude,1
revolution,1
reluctance,1
submitted,1
comparisons,1
creation,1
rules,1
print,1
renamed,1
onethe,1
146,1
143,1
139,1
132,1
118,1
113,1
108,1
stress,1
emphatic,1
replace,1
uniting,1
200,1
198,1
194,1
189,1
181,1
177,1
coughs,1
175,1
168,1
166,1
161,1
154,1
148,1
awayyou,1
modified,1
performances,1
1a,1
wwwgutenbergorglicense,1
coughing,1
serving,1
253,1
243,1
235,1
228,1
225,1
221,1
215,1
1998,1
commercial,1
practically,1
211,1
209,1
downloading,1
countries,1
govern,1
1d,1
213,1
_what_,1
hat,1
trimming,1
disclosed,1
ii,1
solace,1
compilation,1
pglaf,1
1b,1
trademarkcopyright,1
indicate,1
1e4,1
linked,1
1e3,1
charges,1
indicating,1
texts,1
270,1
267,1
263,1
261,1
256,1
develope,1
1e2,1
viewed,1
accessed,1
representations,1
nonproprietary,1
compressed,1
binary,1
1e6,1
redistribute,1
1e5,1
sarcastic,1
294,1
290,1
285,1
283,1
278,1
272,1
files,1
detach,1
unlink,1
profits,1
20,1
vexing,1
345,1
339,1
334,1
327,1
321,1
318,1
301,1
girlsthough,1
exporting,1
version,1
hypertext,1
processing,1
proprietary,1
359,1
scrupulous,1
comers,1
proofread,1
transcribe,1
identify,1
expend,1
employees,1
1f1,1
1f,1
reported,1
discontinue,1
30,1
notifies,1
periodic,1
taxes,1
damaged,1
infringement,1
transcription,1
data,1
corrupt,1
inaccurate,1
incomplete,1
stored,1
415,1
404,1
393,1
385,1
377,1
370,1
368,1
363,1
420,1
goor,1
asis,1
1f4,1
problem,1
elect,1
incidental,1
punitive,1
distributor,1
contract,1
strict,1
remedies,1
1f2,1
codes,1
virus,1
disk,1
invalidity,1
maximum,1
interpreted,1
violates,1
types,1
disclaimers,1
1f5,1
fitness,1
merchantability,1
grownup,1
457,1
448,1
442,1
434,1
431,1
422,1
formats,1
synonymous,1
c,1
deletions,1
modification,1
indirectly,1
harmless,1
promotion,1
production,1
employee,1
agent,1
indemnify,1
indemnity,1
1f6,1
provisions,1
unenforceability,1
mississippi,1
organized,1
corporation,1
educational,1
501c3,1
nonprofit,1
sections,1
2001,1
ensuring,1
goals,1
gutenbergs,1
financial,1
exists,1
middleaged,1
obsolete,1
readable,1
network,1
current,1
web,1
staff,1
swamp,1
statements,1
international,1
donors,1
unsolicited,1
prohibition,1
depends,1
wwwgutenbergorgcontact,1
5961887,1
801,1
84116,1
ut,1
committed,1
irs,1
5000,1
outdated,1
array,1
accessible,1
machinereadable,1
licensed,1
widespread,1
subscribe,1
includes,1
facility,1
pg,1
main,1
edition,1
volunteer,1
